<?xml version="1.0" encoding="UTF-8"?>
<Form name="OVERSCAN_PERSON" platform="txlx" commands="">
<Group num="TVIN_PORT_TV" val="0">
<Page tab_title="vs,hs,ve,he" layout="2x4">
<Control ui_type="array" name="TVIN_SIG_FMT_CVBS_NTSC_M" range="0~255" addr="1537" mask="" dst="U" desc="TVIN_SIG_FMT_CVBS_NTSC_M" default="10 30 8 6" value="17 43 15 13" cmd="ovsc:crop"/>
<Control ui_type="array" name="TVIN_SIG_FMT_CVBS_NTSC_443" range="0~255" addr="1538" mask="" dst="U" desc="TVIN_SIG_FMT_CVBS_NTSC_443" default="10 30 8 6" value="14 20 10 38" cmd="ovsc:crop"/>
<Control ui_type="array" name="TVIN_SIG_FMT_CVBS_PAL_I" range="0~255" addr="1539" mask="" dst="U" desc="TVIN_SIG_FMT_CVBS_PAL_I" default="10 16 10 28" value="16 32 18 38" cmd="ovsc:crop"/>
<Control ui_type="array" name="TVIN_SIG_FMT_CVBS_PAL_M" range="0~255" addr="1540" mask="" dst="U" desc="TVIN_SIG_FMT_CVBS_PAL_M" default="8 16 4 16" value="14 32 10 28" cmd="ovsc:crop"/>
<Control ui_type="array" name="TVIN_SIG_FMT_CVBS_PAL_60" range="0~255" addr="1541" mask="" dst="U" desc="TVIN_SIG_FMT_CVBS_PAL_60" default="0 6 16 32" value="4 16 20 42" cmd="ovsc:crop"/>
<Control ui_type="array" name="TVIN_SIG_FMT_CVBS_PAL_CN" range="0~255" addr="1542" mask="" dst="U" desc="TVIN_SIG_FMT_CVBS_PAL_CN" default="10 16 10 28" value="16 38 20 32" cmd="ovsc:crop"/>
<Control ui_type="array" name="TVIN_SIG_FMT_CVBS_SECAM" range="0~255" addr="1543" mask="" dst="U" desc="TVIN_SIG_FMT_CVBS_SECAM" default="8 22 14 24" value="14 36 22 36" cmd="ovsc:crop"/>
<Control ui_type="array" name="TVIN_SIG_FMT_CVBS_NTSC_50" range="0~255" addr="1544" mask="" dst="U" desc="TVIN_SIG_FMT_CVBS_NTSC_50" default="13 15 13 28" value="13 15 13 28" cmd="ovsc:crop"/>
</Page>
</Group>
<Group num="TVIN_PORT_AV1" val="1">
<Page tab_title="vs,hs,ve,he" layout="2x4">
<Control ui_type="array" name="TVIN_SIG_FMT_CVBS_NTSC_M" range="0~255" addr="1537" mask="" dst="U" desc="TVIN_SIG_FMT_CVBS_NTSC_M" default="10 30 8 6" value="14 44 13 14" cmd="ovsc:crop"/>
<Control ui_type="array" name="TVIN_SIG_FMT_CVBS_NTSC_443" range="0~255" addr="1538" mask="" dst="U" desc="TVIN_SIG_FMT_CVBS_NTSC_443" default="10 30 8 6" value="14 20 10 38" cmd="ovsc:crop"/>
<Control ui_type="array" name="TVIN_SIG_FMT_CVBS_PAL_I" range="0~255" addr="1539" mask="" dst="U" desc="TVIN_SIG_FMT_CVBS_PAL_I" default="10 16 10 28" value="16 32 18 38" cmd="ovsc:crop"/>
<Control ui_type="array" name="TVIN_SIG_FMT_CVBS_PAL_M" range="0~255" addr="1540" mask="" dst="U" desc="TVIN_SIG_FMT_CVBS_PAL_M" default="8 16 4 16" value="14 32 10 28" cmd="ovsc:crop"/>
<Control ui_type="array" name="TVIN_SIG_FMT_CVBS_PAL_60" range="0~255" addr="1541" mask="" dst="U" desc="TVIN_SIG_FMT_CVBS_PAL_60" default="0 6 16 32" value="4 16 20 42" cmd="ovsc:crop"/>
<Control ui_type="array" name="TVIN_SIG_FMT_CVBS_PAL_CN" range="0~255" addr="1542" mask="" dst="U" desc="TVIN_SIG_FMT_CVBS_PAL_CN" default="10 16 10 28" value="16 38 20 32" cmd="ovsc:crop"/>
<Control ui_type="array" name="TVIN_SIG_FMT_CVBS_SECAM" range="0~255" addr="1543" mask="" dst="U" desc="TVIN_SIG_FMT_CVBS_SECAM" default="8 22 14 24" value="14 36 22 36" cmd="ovsc:crop"/>
<Control ui_type="array" name="TVIN_SIG_FMT_CVBS_NTSC_50" range="0~255" addr="1544" mask="" dst="U" desc="TVIN_SIG_FMT_CVBS_NTSC_50" default="13 15 13 28" value="13 15 13 28" cmd="ovsc:crop"/>
</Page>
</Group>
<Group num="TVIN_PORT_AV2" val="2">
<Page tab_title="vs,hs,ve,he" layout="2x4">
<Control ui_type="array" name="TVIN_SIG_FMT_CVBS_NTSC_M" range="0~255" addr="1537" mask="" dst="U" desc="TVIN_SIG_FMT_CVBS_NTSC_M" default="10 30 8 6" value="14 44 13 14" cmd="ovsc:crop"/>
<Control ui_type="array" name="TVIN_SIG_FMT_CVBS_NTSC_443" range="0~255" addr="1538" mask="" dst="U" desc="TVIN_SIG_FMT_CVBS_NTSC_443" default="10 30 8 6" value="14 20 10 38" cmd="ovsc:crop"/>
<Control ui_type="array" name="TVIN_SIG_FMT_CVBS_PAL_I" range="0~255" addr="1539" mask="" dst="U" desc="TVIN_SIG_FMT_CVBS_PAL_I" default="10 16 10 28" value="16 32 18 38" cmd="ovsc:crop"/>
<Control ui_type="array" name="TVIN_SIG_FMT_CVBS_PAL_M" range="0~255" addr="1540" mask="" dst="U" desc="TVIN_SIG_FMT_CVBS_PAL_M" default="8 16 4 16" value="14 32 10 28" cmd="ovsc:crop"/>
<Control ui_type="array" name="TVIN_SIG_FMT_CVBS_PAL_60" range="0~255" addr="1541" mask="" dst="U" desc="TVIN_SIG_FMT_CVBS_PAL_60" default="0 6 16 32" value="4 16 20 42" cmd="ovsc:crop"/>
<Control ui_type="array" name="TVIN_SIG_FMT_CVBS_PAL_CN" range="0~255" addr="1542" mask="" dst="U" desc="TVIN_SIG_FMT_CVBS_PAL_CN" default="10 16 10 28" value="16 38 20 32" cmd="ovsc:crop"/>
<Control ui_type="array" name="TVIN_SIG_FMT_CVBS_SECAM" range="0~255" addr="1543" mask="" dst="U" desc="TVIN_SIG_FMT_CVBS_SECAM" default="8 22 14 24" value="14 36 22 36" cmd="ovsc:crop"/>
<Control ui_type="array" name="TVIN_SIG_FMT_CVBS_NTSC_50" range="0~255" addr="1544" mask="" dst="U" desc="TVIN_SIG_FMT_CVBS_NTSC_50" default="13 15 13 28" value="13 15 13 28" cmd="ovsc:crop"/>
</Page>
</Group>
<Group num="TVIN_PORT_HDMI1" val="5">
<Page tab_title="vs,hs,ve,he" layout="23x4">
<Control ui_type="array" name="TVIN_SIG_FMT_HDMI_640x480P_60Hz" range="0~255" addr="1025" mask="" dst="U" desc="TVIN_SIG_FMT_HDMI_640x480P_60Hz" default="0 0 0 0" value="10 14 10 14" cmd="ovsc:crop"/>
<Control ui_type="array" name="TVIN_SIG_FMT_HDMI_720x480P_60Hz" range="0~255" addr="1026" mask="" dst="U" desc="TVIN_SIG_FMT_HDMI_720x480P_60Hz" default="10 16 10 16" value="10 14 10 14" cmd="ovsc:crop"/>
<Control ui_type="array" name="TVIN_SIG_FMT_HDMI_1280x720P_60Hz" range="0~255" addr="1027" mask="" dst="U" desc="TVIN_SIG_FMT_HDMI_1280x720P_60Hz" default="16 29 16 29" value="14 25 14 25" cmd="ovsc:crop"/>
<Control ui_type="array" name="TVIN_SIG_FMT_HDMI_1920x1080I_60Hz" range="0~255" addr="1028" mask="" dst="U" desc="TVIN_SIG_FMT_HDMI_1920x1080I_60Hz" default="24 40 24 40" value="22 42 22 42" cmd="ovsc:crop"/>
<Control ui_type="array" name="TVIN_SIG_FMT_HDMI_1440x480I_60Hz" range="0~255" addr="1029" mask="" dst="U" desc="TVIN_SIG_FMT_HDMI_1440x480I_60Hz" default="7 20 5 20" value="10 14 10 14" cmd="ovsc:crop"/>
<Control ui_type="array" name="TVIN_SIG_FMT_HDMI_1440x240P_60Hz" range="0~255" addr="1030" mask="" dst="U" desc="TVIN_SIG_FMT_HDMI_1440x240P_60Hz" default="10 56 10 56" value="10 14 10 14" cmd="ovsc:crop"/>
<Control ui_type="array" name="TVIN_SIG_FMT_HDMI_2880x480I_60Hz" range="0~255" addr="1031" mask="" dst="U" desc="TVIN_SIG_FMT_HDMI_2880x480I_60Hz" default="10 112 10 112" value="10 14 10 14" cmd="ovsc:crop"/>
<Control ui_type="array" name="TVIN_SIG_FMT_HDMI_2880x240P_60Hz" range="0~255" addr="1032" mask="" dst="U" desc="TVIN_SIG_FMT_HDMI_2880x240P_60Hz" default="10 112 10 112" value="10 14 10 14" cmd="ovsc:crop"/>
<Control ui_type="array" name="TVIN_SIG_FMT_HDMI_1440x480P_60Hz" range="0~255" addr="1033" mask="" dst="U" desc="TVIN_SIG_FMT_HDMI_1440x480P_60Hz" default="5 15 7 15" value="10 14 10 14" cmd="ovsc:crop"/>
<Control ui_type="array" name="TVIN_SIG_FMT_HDMI_1920x1080P_60Hz" range="0~255" addr="1034" mask="" dst="U" desc="TVIN_SIG_FMT_HDMI_1920x1080P_60Hz" default="0 0 0 0" value="22 42 22 42" cmd="ovsc:crop"/>
<Control ui_type="array" name="TVIN_SIG_FMT_HDMI_720x576P_50Hz" range="0~255" addr="1035" mask="" dst="U" desc="TVIN_SIG_FMT_HDMI_720x576P_50Hz" default="8 20 8 20" value="16 22 16 22" cmd="ovsc:crop"/>
<Control ui_type="array" name="TVIN_SIG_FMT_HDMI_1280x720P_50Hz" range="0~255" addr="1036" mask="" dst="U" desc="TVIN_SIG_FMT_HDMI_1280x720P_50Hz" default="16 30 16 30" value="18 32 18 32" cmd="ovsc:crop"/>
<Control ui_type="array" name="TVIN_SIG_FMT_HDMI_1920x1080I_50Hz_A" range="0~255" addr="1037" mask="" dst="U" desc="TVIN_SIG_FMT_HDMI_1920x1080I_50Hz_A" default="20 42 24 42" value="22 42 22 42" cmd="ovsc:crop"/>
<Control ui_type="array" name="TVIN_SIG_FMT_HDMI_1440x576I_50Hz" range="0~255" addr="1038" mask="" dst="U" desc="TVIN_SIG_FMT_HDMI_1440x576I_50Hz" default="10 16 10 16" value="17 23 17 23" cmd="ovsc:crop"/>
<Control ui_type="array" name="TVIN_SIG_FMT_HDMI_1440x288P_50Hz" range="0~255" addr="1039" mask="" dst="U" desc="TVIN_SIG_FMT_HDMI_1440x288P_50Hz" default="12 56 12 56" value="17 23 17 23" cmd="ovsc:crop"/>
<Control ui_type="array" name="TVIN_SIG_FMT_HDMI_2880x576I_50Hz" range="0~255" addr="1040" mask="" dst="U" desc="TVIN_SIG_FMT_HDMI_2880x576I_50Hz" default="12 112 12 112" value="18 22 18 22" cmd="ovsc:crop"/>
<Control ui_type="array" name="TVIN_SIG_FMT_HDMI_2880x288P_50Hz" range="0~255" addr="1041" mask="" dst="U" desc="TVIN_SIG_FMT_HDMI_2880x288P_50Hz" default="12 112 12 112" value="18 22 18 22" cmd="ovsc:crop"/>
<Control ui_type="array" name="TVIN_SIG_FMT_HDMI_1440x576P_50Hz" range="0~255" addr="1042" mask="" dst="U" desc="TVIN_SIG_FMT_HDMI_1440x576P_50Hz" default="8 14 10 14" value="17 23 17 23" cmd="ovsc:crop"/>
<Control ui_type="array" name="TVIN_SIG_FMT_HDMI_1920x1080P_50Hz" range="0~255" addr="1043" mask="" dst="U" desc="TVIN_SIG_FMT_HDMI_1920x1080P_50Hz" default="20 40 18 40" value="22 42 22 42" cmd="ovsc:crop"/>
<Control ui_type="array" name="TVIN_SIG_FMT_HDMI_1920x1080P_24Hz" range="0~255" addr="1044" mask="" dst="U" desc="TVIN_SIG_FMT_HDMI_1920x1080P_24Hz" default="0 0 0 0" value="22 42 22 42" cmd="ovsc:crop"/>
<Control ui_type="array" name="TVIN_SIG_FMT_HDMI_1920x1080P_25Hz" range="0~255" addr="1045" mask="" dst="U" desc="TVIN_SIG_FMT_HDMI_1920x1080P_25Hz" default="0 0 0 0" value="22 42 22 42" cmd="ovsc:crop"/>
<Control ui_type="array" name="TVIN_SIG_FMT_HDMI_1920x1080P_30Hz" range="0~255" addr="1046" mask="" dst="U" desc="TVIN_SIG_FMT_HDMI_1920x1080P_30Hz" default="0 0 0 0" value="22 42 22 42" cmd="ovsc:crop"/>
<Control ui_type="array" name="TVIN_SIG_FMT_HDMI_2880x480P_60Hz" range="0~255" addr="1047" mask="" dst="U" desc="TVIN_SIG_FMT_HDMI_2880x480P_60Hz" default="18 112 18 112" value="10 14 10 14" cmd="ovsc:crop"/>
<Control ui_type="array" name="TVIN_SIG_FMT_HDMI_2880x576P_60Hz" range="0~255" addr="1048" mask="" dst="U" desc="TVIN_SIG_FMT_HDMI_2880x576P_60Hz" default="22 112 22 112" value="18 22 18 22" cmd="ovsc:crop"/>
<Control ui_type="array" name="TVIN_SIG_FMT_HDMI_1920x1080I_50Hz_B" range="0~255" addr="1049" mask="" dst="U" desc="TVIN_SIG_FMT_HDMI_1920x1080I_50Hz_B" default="20 40 22 40" value="22 42 22 42" cmd="ovsc:crop"/>
<Control ui_type="array" name="TVIN_SIG_FMT_HDMI_1920x1080I_100Hz" range="0~255" addr="1050" mask="" dst="U" desc="TVIN_SIG_FMT_HDMI_1920x1080I_100Hz" default="8 36 8 36" value="22 42 22 42" cmd="ovsc:crop"/>
<Control ui_type="array" name="TVIN_SIG_FMT_HDMI_1280x720P_100Hz" range="0~255" addr="1051" mask="" dst="U" desc="TVIN_SIG_FMT_HDMI_1280x720P_100Hz" default="14 30 14 30" value="14 25 14 25" cmd="ovsc:crop"/>
<Control ui_type="array" name="TVIN_SIG_FMT_HDMI_720x576P_100Hz" range="0~255" addr="1052" mask="" dst="U" desc="TVIN_SIG_FMT_HDMI_720x576P_100Hz" default="6 18 6 18" value="16 22 16 22" cmd="ovsc:crop"/>
<Control ui_type="array" name="TVIN_SIG_FMT_HDMI_1440x576I_100Hz" range="0~255" addr="1053" mask="" dst="U" desc="TVIN_SIG_FMT_HDMI_1440x576I_100Hz" default="3 35 5 41" value="17 23 17 23" cmd="ovsc:crop"/>
<Control ui_type="array" name="TVIN_SIG_FMT_HDMI_1920x1080I_120Hz" range="0~255" addr="1054" mask="" dst="U" desc="TVIN_SIG_FMT_HDMI_1920x1080I_120Hz" default="8 36 8 36" value="22 42 22 42" cmd="ovsc:crop"/>
<Control ui_type="array" name="TVIN_SIG_FMT_HDMI_1280x720P_120Hz" range="0~255" addr="1055" mask="" dst="U" desc="TVIN_SIG_FMT_HDMI_1280x720P_120Hz" default="14 30 14 30" value="14 25 14 25" cmd="ovsc:crop"/>
<Control ui_type="array" name="TVIN_SIG_FMT_HDMI_720x480P_120Hz" range="0~255" addr="1056" mask="" dst="U" desc="TVIN_SIG_FMT_HDMI_720x480P_120Hz" default="5 19 5 19" value="10 14 10 14" cmd="ovsc:crop"/>
<Control ui_type="array" name="TVIN_SIG_FMT_HDMI_1440x480I_120Hz" range="0~255" addr="1057" mask="" dst="U" desc="TVIN_SIG_FMT_HDMI_1440x480I_120Hz" default="2 31 3 47" value="10 14 10 14" cmd="ovsc:crop"/>
<Control ui_type="array" name="TVIN_SIG_FMT_HDMI_720x576P_200Hz" range="0~255" addr="1058" mask="" dst="U" desc="TVIN_SIG_FMT_HDMI_720x576P_200Hz" default="6 18 6 18" value="16 22 16 22" cmd="ovsc:crop"/>
<Control ui_type="array" name="TVIN_SIG_FMT_HDMI_1440x576I_200Hz" range="0~255" addr="1059" mask="" dst="U" desc="TVIN_SIG_FMT_HDMI_1440x576I_200Hz" default="3 35 5 41" value="17 23 17 23" cmd="ovsc:crop"/>
<Control ui_type="array" name="TVIN_SIG_FMT_HDMI_720x480P_240Hz" range="0~255" addr="1060" mask="" dst="U" desc="TVIN_SIG_FMT_HDMI_720x480P_240Hz" default="5 19 5 19" value="10 14 10 14" cmd="ovsc:crop"/>
<Control ui_type="array" name="TVIN_SIG_FMT_HDMI_1440x480I_240Hz" range="0~255" addr="1061" mask="" dst="U" desc="TVIN_SIG_FMT_HDMI_1440x480I_240Hz" default="2 31 3 47" value="10 14 10 14" cmd="ovsc:crop"/>
<Control ui_type="array" name="TVIN_SIG_FMT_HDMI_1280x720P_24Hz" range="0~255" addr="1062" mask="" dst="U" desc="TVIN_SIG_FMT_HDMI_1280x720P_24Hz" default="14 30 14 30" value="14 25 14 25" cmd="ovsc:crop"/>
<Control ui_type="array" name="TVIN_SIG_FMT_HDMI_1280x720P_25Hz" range="0~255" addr="1063" mask="" dst="U" desc="TVIN_SIG_FMT_HDMI_1280x720P_25Hz" default="14 30 14 30" value="14 25 14 25" cmd="ovsc:crop"/>
<Control ui_type="array" name="TVIN_SIG_FMT_HDMI_1280x720P_30Hz" range="0~255" addr="1064" mask="" dst="U" desc="TVIN_SIG_FMT_HDMI_1280x720P_30Hz" default="14 30 14 30" value="14 25 14 25" cmd="ovsc:crop"/>
<Control ui_type="array" name="TVIN_SIG_FMT_HDMI_1920x1080P_120Hz" range="0~255" addr="1065" mask="" dst="U" desc="TVIN_SIG_FMT_HDMI_1920x1080P_120Hz" default="18 36 18 36" value="22 42 22 42" cmd="ovsc:crop"/>
<Control ui_type="array" name="TVIN_SIG_FMT_HDMI_1920x1080P_100Hz" range="0~255" addr="1066" mask="" dst="U" desc="TVIN_SIG_FMT_HDMI_1920x1080P_100Hz" default="18 36 18 36" value="22 42 22 42" cmd="ovsc:crop"/>
<Control ui_type="array" name="TVIN_SIG_FMT_HDMI_1280x720P_60Hz_FRAME_PACKING" range="0~255" addr="1067" mask="" dst="U" desc="TVIN_SIG_FMT_HDMI_1280x720P_60Hz_FRAME_PACKING" default="0 0 0 0" value="0 0 0 0" cmd="ovsc:crop"/>
<Control ui_type="array" name="TVIN_SIG_FMT_HDMI_1280x720P_50Hz_FRAME_PACKING" range="0~255" addr="1068" mask="" dst="U" desc="TVIN_SIG_FMT_HDMI_1280x720P_50Hz_FRAME_PACKING" default="0 0 0 0" value="0 0 0 0" cmd="ovsc:crop"/>
<Control ui_type="array" name="TVIN_SIG_FMT_HDMI_1280x720P_24Hz_FRAME_PACKING" range="0~255" addr="1069" mask="" dst="U" desc="TVIN_SIG_FMT_HDMI_1280x720P_24Hz_FRAME_PACKING" default="0 0 0 0" value="0 0 0 0" cmd="ovsc:crop"/>
<Control ui_type="array" name="TVIN_SIG_FMT_HDMI_1280x720P_30Hz_FRAME_PACKING" range="0~255" addr="1070" mask="" dst="U" desc="TVIN_SIG_FMT_HDMI_1280x720P_30Hz_FRAME_PACKING" default="0 0 0 0" value="0 0 0 0" cmd="ovsc:crop"/>
<Control ui_type="array" name="TVIN_SIG_FMT_HDMI_1920x1080I_60Hz_FRAME_PACKING" range="0~255" addr="1071" mask="" dst="U" desc="TVIN_SIG_FMT_HDMI_1920x1080I_60Hz_FRAME_PACKING" default="0 0 0 0" value="0 0 0 0" cmd="ovsc:crop"/>
<Control ui_type="array" name="TVIN_SIG_FMT_HDMI_1920x1080I_50Hz_FRAME_PACKING" range="0~255" addr="1072" mask="" dst="U" desc="TVIN_SIG_FMT_HDMI_1920x1080I_50Hz_FRAME_PACKING" default="0 0 0 0" value="0 0 0 0" cmd="ovsc:crop"/>
<Control ui_type="array" name="TVIN_SIG_FMT_HDMI_1920x1080P_24Hz_FRAME_PACKING" range="0~255" addr="1073" mask="" dst="U" desc="TVIN_SIG_FMT_HDMI_1920x1080P_24Hz_FRAME_PACKING" default="0 0 0 0" value="0 0 0 0" cmd="ovsc:crop"/>
<Control ui_type="array" name="TVIN_SIG_FMT_HDMI_1920x1080P_30Hz_FRAME_PACKING" range="0~255" addr="1074" mask="" dst="U" desc="TVIN_SIG_FMT_HDMI_1920x1080P_30Hz_FRAME_PACKING" default="0 0 0 0" value="0 0 0 0" cmd="ovsc:crop"/>
<Control ui_type="array" name="TVIN_SIG_FMT_HDMI_800x600" range="0~255" addr="1075" mask="" dst="U" desc="TVIN_SIG_FMT_HDMI_800x600" default="0 0 0 0" value="0 0 0 0" cmd="ovsc:crop"/>
<Control ui_type="array" name="TVIN_SIG_FMT_HDMI_1024X768" range="0~255" addr="1076" mask="" dst="U" desc="TVIN_SIG_FMT_HDMI_1024X768" default="0 0 0 0" value="0 0 0 0" cmd="ovsc:crop"/>
<Control ui_type="array" name="TVIN_SIG_FMT_HDMI_720_400" range="0~255" addr="1077" mask="" dst="U" desc="TVIN_SIG_FMT_HDMI_720_400" default="0 0 0 0" value="0 0 0 0" cmd="ovsc:crop"/>
<Control ui_type="array" name="TVIN_SIG_FMT_HDMI_1280_768" range="0~255" addr="1078" mask="" dst="U" desc="TVIN_SIG_FMT_HDMI_1280_768" default="0 0 0 0" value="0 0 0 0" cmd="ovsc:crop"/>
<Control ui_type="array" name="TVIN_SIG_FMT_HDMI_1280_800" range="0~255" addr="1079" mask="" dst="U" desc="TVIN_SIG_FMT_HDMI_1280_800" default="0 0 0 0" value="0 0 0 0" cmd="ovsc:crop"/>
<Control ui_type="array" name="TVIN_SIG_FMT_HDMI_1280_960" range="0~255" addr="1080" mask="" dst="U" desc="TVIN_SIG_FMT_HDMI_1280_960" default="0 0 0 0" value="0 0 0 0" cmd="ovsc:crop"/>
<Control ui_type="array" name="TVIN_SIG_FMT_HDMI_1280X1024" range="0~255" addr="1081" mask="" dst="U" desc="TVIN_SIG_FMT_HDMI_1280X1024" default="0 0 0 0" value="0 0 0 0" cmd="ovsc:crop"/>
<Control ui_type="array" name="TVIN_SIG_FMT_HDMI_1360_768" range="0~255" addr="1082" mask="" dst="U" desc="TVIN_SIG_FMT_HDMI_1360_768" default="0 0 0 0" value="0 0 0 0" cmd="ovsc:crop"/>
<Control ui_type="array" name="TVIN_SIG_FMT_HDMI_1366_768" range="0~255" addr="1083" mask="" dst="U" desc="TVIN_SIG_FMT_HDMI_1366_768" default="0 0 0 0" value="0 0 0 0" cmd="ovsc:crop"/>
<Control ui_type="array" name="TVIN_SIG_FMT_HDMI_1600_1200" range="0~255" addr="1084" mask="" dst="U" desc="TVIN_SIG_FMT_HDMI_1600_1200" default="0 0 0 0" value="0 0 0 0" cmd="ovsc:crop"/>
<Control ui_type="array" name="TVIN_SIG_FMT_HDMI_1920_1200" range="0~255" addr="1085" mask="" dst="U" desc="TVIN_SIG_FMT_HDMI_1920_1200" default="0 0 0 0" value="0 0 0 0" cmd="ovsc:crop"/>
<Control ui_type="array" name="TVIN_SIG_FMT_HDMI_1440_900_00HZ" range="0~255" addr="1086" mask="" dst="U" desc="TVIN_SIG_FMT_HDMI_1440_900_00HZ" default="0 0 0 0" value="0 0 0 0" cmd="ovsc:crop"/>
<Control ui_type="array" name="TVIN_SIG_FMT_HDMI_1400_1050_00HZ" range="0~255" addr="1087" mask="" dst="U" desc="TVIN_SIG_FMT_HDMI_1400_1050_00HZ" default="0 0 0 0" value="0 0 0 0" cmd="ovsc:crop"/>
<Control ui_type="array" name="TVIN_SIG_FMT_HDMI_1680_1050_00H" range="0~255" addr="1088" mask="" dst="U" desc="TVIN_SIG_FMT_HDMI_1680_1050_00H" default="0 0 0 0" value="0 0 0 0" cmd="ovsc:crop"/>
<Control ui_type="array" name="TVIN_SIG_FMT_HDMI_1920X1080I_60HZ_ALTERNATIVE" range="0~255" addr="1089" mask="" dst="U" desc="TVIN_SIG_FMT_HDMI_1920X1080I_60HZ_ALTERNATIVE" default="0 0 0 0" value="0 0 0 0" cmd="ovsc:crop"/>
<Control ui_type="array" name="TVIN_SIG_FMT_HDMI_1920X1080I_50HZ_ALTERNATIVE" range="0~255" addr="1090" mask="" dst="U" desc="TVIN_SIG_FMT_HDMI_1920X1080I_50HZ_ALTERNATIVE" default="0 0 0 0" value="0 0 0 0" cmd="ovsc:crop"/>
<Control ui_type="array" name="TVIN_SIG_FMT_HDMI_1920X1080P_24HZ_ALTERNATIVE" range="0~255" addr="1091" mask="" dst="U" desc="TVIN_SIG_FMT_HDMI_1920X1080P_24HZ_ALTERNATIVE" default="0 0 0 0" value="0 0 0 0" cmd="ovsc:crop"/>
<Control ui_type="array" name="TVIN_SIG_FMT_HDMI_1920X1080P_30HZ_ALTERNATIVE" range="0~255" addr="1092" mask="" dst="U" desc="TVIN_SIG_FMT_HDMI_1920X1080P_30HZ_ALTERNATIVE" default="0 0 0 0" value="0 0 0 0" cmd="ovsc:crop"/>
<Control ui_type="array" name="TVIN_SIG_FMT_HDMI_3840_2160_00HZ" range="0~255" addr="1093" mask="" dst="U" desc="TVIN_SIG_FMT_HDMI_3840_2160_00HZ" default="0 0 0 0" value="0 0 0 0" cmd="ovsc:crop"/>
<Control ui_type="array" name="TVIN_SIG_FMT_HDMI_4096_2160_00HZ" range="0~255" addr="1094" mask="" dst="U" desc="TVIN_SIG_FMT_HDMI_4096_2160_00HZ" default="0 0 0 0" value="0 0 0 0" cmd="ovsc:crop"/>
<Control ui_type="array" name="TVIN_SIG_FMT_HDMI_RESERVE10" range="0~255" addr="1095" mask="" dst="U" desc="TVIN_SIG_FMT_HDMI_RESERVE10" default="0 0 0 0" value="0 0 0 0" cmd="ovsc:crop"/>
<Control ui_type="array" name="TVIN_SIG_FMT_HDMI_RESERVE11" range="0~255" addr="1096" mask="" dst="U" desc="TVIN_SIG_FMT_HDMI_RESERVE11" default="0 0 0 0" value="0 0 0 0" cmd="ovsc:crop"/>
<Control ui_type="array" name="TVIN_SIG_FMT_HDMI_720x480P_60Hz_FRAME_PACKING" range="0~255" addr="1097" mask="" dst="U" desc="TVIN_SIG_FMT_HDMI_720x480P_60Hz_FRAME_PACKING" default="0 0 0 0" value="0 0 0 0" cmd="ovsc:crop"/>
<Control ui_type="array" name="TVIN_SIG_FMT_HDMI_720x576P_50Hz_FRAME_PACKING" range="0~255" addr="1098" mask="" dst="U" desc="TVIN_SIG_FMT_HDMI_720x576P_50Hz_FRAME_PACKING" default="0 0 0 0" value="0 0 0 0" cmd="ovsc:crop"/>
</Page>
</Group>
<Group num="TVIN_PORT_HDMI2" val="6">
<Page tab_title="vs,hs,ve,he" layout="23x4">
<Control ui_type="array" name="TVIN_SIG_FMT_HDMI_640x480P_60Hz" range="0~255" addr="1025" mask="" dst="U" desc="TVIN_SIG_FMT_HDMI_640x480P_60Hz" default="0 0 0 0" value="10 14 10 14" cmd="ovsc:crop"/>
<Control ui_type="array" name="TVIN_SIG_FMT_HDMI_720x480P_60Hz" range="0~255" addr="1026" mask="" dst="U" desc="TVIN_SIG_FMT_HDMI_720x480P_60Hz" default="10 16 10 16" value="10 14 10 14" cmd="ovsc:crop"/>
<Control ui_type="array" name="TVIN_SIG_FMT_HDMI_1280x720P_60Hz" range="0~255" addr="1027" mask="" dst="U" desc="TVIN_SIG_FMT_HDMI_1280x720P_60Hz" default="16 29 16 29" value="14 25 14 25" cmd="ovsc:crop"/>
<Control ui_type="array" name="TVIN_SIG_FMT_HDMI_1920x1080I_60Hz" range="0~255" addr="1028" mask="" dst="U" desc="TVIN_SIG_FMT_HDMI_1920x1080I_60Hz" default="24 40 24 40" value="22 42 22 42" cmd="ovsc:crop"/>
<Control ui_type="array" name="TVIN_SIG_FMT_HDMI_1440x480I_60Hz" range="0~255" addr="1029" mask="" dst="U" desc="TVIN_SIG_FMT_HDMI_1440x480I_60Hz" default="7 20 5 20" value="10 14 10 14" cmd="ovsc:crop"/>
<Control ui_type="array" name="TVIN_SIG_FMT_HDMI_1440x240P_60Hz" range="0~255" addr="1030" mask="" dst="U" desc="TVIN_SIG_FMT_HDMI_1440x240P_60Hz" default="10 56 10 56" value="10 14 10 14" cmd="ovsc:crop"/>
<Control ui_type="array" name="TVIN_SIG_FMT_HDMI_2880x480I_60Hz" range="0~255" addr="1031" mask="" dst="U" desc="TVIN_SIG_FMT_HDMI_2880x480I_60Hz" default="10 112 10 112" value="10 14 10 14" cmd="ovsc:crop"/>
<Control ui_type="array" name="TVIN_SIG_FMT_HDMI_2880x240P_60Hz" range="0~255" addr="1032" mask="" dst="U" desc="TVIN_SIG_FMT_HDMI_2880x240P_60Hz" default="10 112 10 112" value="10 14 10 14" cmd="ovsc:crop"/>
<Control ui_type="array" name="TVIN_SIG_FMT_HDMI_1440x480P_60Hz" range="0~255" addr="1033" mask="" dst="U" desc="TVIN_SIG_FMT_HDMI_1440x480P_60Hz" default="5 15 7 15" value="10 14 10 14" cmd="ovsc:crop"/>
<Control ui_type="array" name="TVIN_SIG_FMT_HDMI_1920x1080P_60Hz" range="0~255" addr="1034" mask="" dst="U" desc="TVIN_SIG_FMT_HDMI_1920x1080P_60Hz" default="0 0 0 0" value="22 42 22 42" cmd="ovsc:crop"/>
<Control ui_type="array" name="TVIN_SIG_FMT_HDMI_720x576P_50Hz" range="0~255" addr="1035" mask="" dst="U" desc="TVIN_SIG_FMT_HDMI_720x576P_50Hz" default="8 20 8 20" value="16 22 16 22" cmd="ovsc:crop"/>
<Control ui_type="array" name="TVIN_SIG_FMT_HDMI_1280x720P_50Hz" range="0~255" addr="1036" mask="" dst="U" desc="TVIN_SIG_FMT_HDMI_1280x720P_50Hz" default="16 30 16 30" value="18 32 18 32" cmd="ovsc:crop"/>
<Control ui_type="array" name="TVIN_SIG_FMT_HDMI_1920x1080I_50Hz_A" range="0~255" addr="1037" mask="" dst="U" desc="TVIN_SIG_FMT_HDMI_1920x1080I_50Hz_A" default="20 42 24 42" value="22 42 22 42" cmd="ovsc:crop"/>
<Control ui_type="array" name="TVIN_SIG_FMT_HDMI_1440x576I_50Hz" range="0~255" addr="1038" mask="" dst="U" desc="TVIN_SIG_FMT_HDMI_1440x576I_50Hz" default="10 16 10 16" value="17 23 17 23" cmd="ovsc:crop"/>
<Control ui_type="array" name="TVIN_SIG_FMT_HDMI_1440x288P_50Hz" range="0~255" addr="1039" mask="" dst="U" desc="TVIN_SIG_FMT_HDMI_1440x288P_50Hz" default="12 56 12 56" value="17 23 17 23" cmd="ovsc:crop"/>
<Control ui_type="array" name="TVIN_SIG_FMT_HDMI_2880x576I_50Hz" range="0~255" addr="1040" mask="" dst="U" desc="TVIN_SIG_FMT_HDMI_2880x576I_50Hz" default="12 112 12 112" value="18 22 18 22" cmd="ovsc:crop"/>
<Control ui_type="array" name="TVIN_SIG_FMT_HDMI_2880x288P_50Hz" range="0~255" addr="1041" mask="" dst="U" desc="TVIN_SIG_FMT_HDMI_2880x288P_50Hz" default="12 112 12 112" value="18 22 18 22" cmd="ovsc:crop"/>
<Control ui_type="array" name="TVIN_SIG_FMT_HDMI_1440x576P_50Hz" range="0~255" addr="1042" mask="" dst="U" desc="TVIN_SIG_FMT_HDMI_1440x576P_50Hz" default="8 14 10 14" value="17 23 17 23" cmd="ovsc:crop"/>
<Control ui_type="array" name="TVIN_SIG_FMT_HDMI_1920x1080P_50Hz" range="0~255" addr="1043" mask="" dst="U" desc="TVIN_SIG_FMT_HDMI_1920x1080P_50Hz" default="20 40 18 40" value="22 42 22 42" cmd="ovsc:crop"/>
<Control ui_type="array" name="TVIN_SIG_FMT_HDMI_1920x1080P_24Hz" range="0~255" addr="1044" mask="" dst="U" desc="TVIN_SIG_FMT_HDMI_1920x1080P_24Hz" default="0 0 0 0" value="22 42 22 42" cmd="ovsc:crop"/>
<Control ui_type="array" name="TVIN_SIG_FMT_HDMI_1920x1080P_25Hz" range="0~255" addr="1045" mask="" dst="U" desc="TVIN_SIG_FMT_HDMI_1920x1080P_25Hz" default="0 0 0 0" value="22 42 22 42" cmd="ovsc:crop"/>
<Control ui_type="array" name="TVIN_SIG_FMT_HDMI_1920x1080P_30Hz" range="0~255" addr="1046" mask="" dst="U" desc="TVIN_SIG_FMT_HDMI_1920x1080P_30Hz" default="0 0 0 0" value="22 42 22 42" cmd="ovsc:crop"/>
<Control ui_type="array" name="TVIN_SIG_FMT_HDMI_2880x480P_60Hz" range="0~255" addr="1047" mask="" dst="U" desc="TVIN_SIG_FMT_HDMI_2880x480P_60Hz" default="18 112 18 112" value="10 14 10 14" cmd="ovsc:crop"/>
<Control ui_type="array" name="TVIN_SIG_FMT_HDMI_2880x576P_60Hz" range="0~255" addr="1048" mask="" dst="U" desc="TVIN_SIG_FMT_HDMI_2880x576P_60Hz" default="22 112 22 112" value="18 22 18 22" cmd="ovsc:crop"/>
<Control ui_type="array" name="TVIN_SIG_FMT_HDMI_1920x1080I_50Hz_B" range="0~255" addr="1049" mask="" dst="U" desc="TVIN_SIG_FMT_HDMI_1920x1080I_50Hz_B" default="20 40 22 40" value="22 42 22 42" cmd="ovsc:crop"/>
<Control ui_type="array" name="TVIN_SIG_FMT_HDMI_1920x1080I_100Hz" range="0~255" addr="1050" mask="" dst="U" desc="TVIN_SIG_FMT_HDMI_1920x1080I_100Hz" default="8 36 8 36" value="22 42 22 42" cmd="ovsc:crop"/>
<Control ui_type="array" name="TVIN_SIG_FMT_HDMI_1280x720P_100Hz" range="0~255" addr="1051" mask="" dst="U" desc="TVIN_SIG_FMT_HDMI_1280x720P_100Hz" default="14 30 14 30" value="14 25 14 25" cmd="ovsc:crop"/>
<Control ui_type="array" name="TVIN_SIG_FMT_HDMI_720x576P_100Hz" range="0~255" addr="1052" mask="" dst="U" desc="TVIN_SIG_FMT_HDMI_720x576P_100Hz" default="6 18 6 18" value="16 22 16 22" cmd="ovsc:crop"/>
<Control ui_type="array" name="TVIN_SIG_FMT_HDMI_1440x576I_100Hz" range="0~255" addr="1053" mask="" dst="U" desc="TVIN_SIG_FMT_HDMI_1440x576I_100Hz" default="3 35 5 41" value="17 23 17 23" cmd="ovsc:crop"/>
<Control ui_type="array" name="TVIN_SIG_FMT_HDMI_1920x1080I_120Hz" range="0~255" addr="1054" mask="" dst="U" desc="TVIN_SIG_FMT_HDMI_1920x1080I_120Hz" default="8 36 8 36" value="22 42 22 42" cmd="ovsc:crop"/>
<Control ui_type="array" name="TVIN_SIG_FMT_HDMI_1280x720P_120Hz" range="0~255" addr="1055" mask="" dst="U" desc="TVIN_SIG_FMT_HDMI_1280x720P_120Hz" default="14 30 14 30" value="14 25 14 25" cmd="ovsc:crop"/>
<Control ui_type="array" name="TVIN_SIG_FMT_HDMI_720x480P_120Hz" range="0~255" addr="1056" mask="" dst="U" desc="TVIN_SIG_FMT_HDMI_720x480P_120Hz" default="5 19 5 19" value="10 14 10 14" cmd="ovsc:crop"/>
<Control ui_type="array" name="TVIN_SIG_FMT_HDMI_1440x480I_120Hz" range="0~255" addr="1057" mask="" dst="U" desc="TVIN_SIG_FMT_HDMI_1440x480I_120Hz" default="2 31 3 47" value="10 14 10 14" cmd="ovsc:crop"/>
<Control ui_type="array" name="TVIN_SIG_FMT_HDMI_720x576P_200Hz" range="0~255" addr="1058" mask="" dst="U" desc="TVIN_SIG_FMT_HDMI_720x576P_200Hz" default="6 18 6 18" value="16 22 16 22" cmd="ovsc:crop"/>
<Control ui_type="array" name="TVIN_SIG_FMT_HDMI_1440x576I_200Hz" range="0~255" addr="1059" mask="" dst="U" desc="TVIN_SIG_FMT_HDMI_1440x576I_200Hz" default="3 35 5 41" value="17 23 17 23" cmd="ovsc:crop"/>
<Control ui_type="array" name="TVIN_SIG_FMT_HDMI_720x480P_240Hz" range="0~255" addr="1060" mask="" dst="U" desc="TVIN_SIG_FMT_HDMI_720x480P_240Hz" default="5 19 5 19" value="10 14 10 14" cmd="ovsc:crop"/>
<Control ui_type="array" name="TVIN_SIG_FMT_HDMI_1440x480I_240Hz" range="0~255" addr="1061" mask="" dst="U" desc="TVIN_SIG_FMT_HDMI_1440x480I_240Hz" default="2 31 3 47" value="10 14 10 14" cmd="ovsc:crop"/>
<Control ui_type="array" name="TVIN_SIG_FMT_HDMI_1280x720P_24Hz" range="0~255" addr="1062" mask="" dst="U" desc="TVIN_SIG_FMT_HDMI_1280x720P_24Hz" default="14 30 14 30" value="14 25 14 25" cmd="ovsc:crop"/>
<Control ui_type="array" name="TVIN_SIG_FMT_HDMI_1280x720P_25Hz" range="0~255" addr="1063" mask="" dst="U" desc="TVIN_SIG_FMT_HDMI_1280x720P_25Hz" default="14 30 14 30" value="14 25 14 25" cmd="ovsc:crop"/>
<Control ui_type="array" name="TVIN_SIG_FMT_HDMI_1280x720P_30Hz" range="0~255" addr="1064" mask="" dst="U" desc="TVIN_SIG_FMT_HDMI_1280x720P_30Hz" default="14 30 14 30" value="14 25 14 25" cmd="ovsc:crop"/>
<Control ui_type="array" name="TVIN_SIG_FMT_HDMI_1920x1080P_120Hz" range="0~255" addr="1065" mask="" dst="U" desc="TVIN_SIG_FMT_HDMI_1920x1080P_120Hz" default="18 36 18 36" value="22 42 22 42" cmd="ovsc:crop"/>
<Control ui_type="array" name="TVIN_SIG_FMT_HDMI_1920x1080P_100Hz" range="0~255" addr="1066" mask="" dst="U" desc="TVIN_SIG_FMT_HDMI_1920x1080P_100Hz" default="18 36 18 36" value="22 42 22 42" cmd="ovsc:crop"/>
<Control ui_type="array" name="TVIN_SIG_FMT_HDMI_1280x720P_60Hz_FRAME_PACKING" range="0~255" addr="1067" mask="" dst="U" desc="TVIN_SIG_FMT_HDMI_1280x720P_60Hz_FRAME_PACKING" default="0 0 0 0" value="0 0 0 0" cmd="ovsc:crop"/>
<Control ui_type="array" name="TVIN_SIG_FMT_HDMI_1280x720P_50Hz_FRAME_PACKING" range="0~255" addr="1068" mask="" dst="U" desc="TVIN_SIG_FMT_HDMI_1280x720P_50Hz_FRAME_PACKING" default="0 0 0 0" value="0 0 0 0" cmd="ovsc:crop"/>
<Control ui_type="array" name="TVIN_SIG_FMT_HDMI_1280x720P_24Hz_FRAME_PACKING" range="0~255" addr="1069" mask="" dst="U" desc="TVIN_SIG_FMT_HDMI_1280x720P_24Hz_FRAME_PACKING" default="0 0 0 0" value="0 0 0 0" cmd="ovsc:crop"/>
<Control ui_type="array" name="TVIN_SIG_FMT_HDMI_1280x720P_30Hz_FRAME_PACKING" range="0~255" addr="1070" mask="" dst="U" desc="TVIN_SIG_FMT_HDMI_1280x720P_30Hz_FRAME_PACKING" default="0 0 0 0" value="0 0 0 0" cmd="ovsc:crop"/>
<Control ui_type="array" name="TVIN_SIG_FMT_HDMI_1920x1080I_60Hz_FRAME_PACKING" range="0~255" addr="1071" mask="" dst="U" desc="TVIN_SIG_FMT_HDMI_1920x1080I_60Hz_FRAME_PACKING" default="0 0 0 0" value="0 0 0 0" cmd="ovsc:crop"/>
<Control ui_type="array" name="TVIN_SIG_FMT_HDMI_1920x1080I_50Hz_FRAME_PACKING" range="0~255" addr="1072" mask="" dst="U" desc="TVIN_SIG_FMT_HDMI_1920x1080I_50Hz_FRAME_PACKING" default="0 0 0 0" value="0 0 0 0" cmd="ovsc:crop"/>
<Control ui_type="array" name="TVIN_SIG_FMT_HDMI_1920x1080P_24Hz_FRAME_PACKING" range="0~255" addr="1073" mask="" dst="U" desc="TVIN_SIG_FMT_HDMI_1920x1080P_24Hz_FRAME_PACKING" default="0 0 0 0" value="0 0 0 0" cmd="ovsc:crop"/>
<Control ui_type="array" name="TVIN_SIG_FMT_HDMI_1920x1080P_30Hz_FRAME_PACKING" range="0~255" addr="1074" mask="" dst="U" desc="TVIN_SIG_FMT_HDMI_1920x1080P_30Hz_FRAME_PACKING" default="0 0 0 0" value="0 0 0 0" cmd="ovsc:crop"/>
<Control ui_type="array" name="TVIN_SIG_FMT_HDMI_800x600" range="0~255" addr="1075" mask="" dst="U" desc="TVIN_SIG_FMT_HDMI_800x600" default="0 0 0 0" value="0 0 0 0" cmd="ovsc:crop"/>
<Control ui_type="array" name="TVIN_SIG_FMT_HDMI_1024X768" range="0~255" addr="1076" mask="" dst="U" desc="TVIN_SIG_FMT_HDMI_1024X768" default="0 0 0 0" value="0 0 0 0" cmd="ovsc:crop"/>
<Control ui_type="array" name="TVIN_SIG_FMT_HDMI_720_400" range="0~255" addr="1077" mask="" dst="U" desc="TVIN_SIG_FMT_HDMI_720_400" default="0 0 0 0" value="0 0 0 0" cmd="ovsc:crop"/>
<Control ui_type="array" name="TVIN_SIG_FMT_HDMI_1280_768" range="0~255" addr="1078" mask="" dst="U" desc="TVIN_SIG_FMT_HDMI_1280_768" default="0 0 0 0" value="0 0 0 0" cmd="ovsc:crop"/>
<Control ui_type="array" name="TVIN_SIG_FMT_HDMI_1280_800" range="0~255" addr="1079" mask="" dst="U" desc="TVIN_SIG_FMT_HDMI_1280_800" default="0 0 0 0" value="0 0 0 0" cmd="ovsc:crop"/>
<Control ui_type="array" name="TVIN_SIG_FMT_HDMI_1280_960" range="0~255" addr="1080" mask="" dst="U" desc="TVIN_SIG_FMT_HDMI_1280_960" default="0 0 0 0" value="0 0 0 0" cmd="ovsc:crop"/>
<Control ui_type="array" name="TVIN_SIG_FMT_HDMI_1280X1024" range="0~255" addr="1081" mask="" dst="U" desc="TVIN_SIG_FMT_HDMI_1280X1024" default="0 0 0 0" value="0 0 0 0" cmd="ovsc:crop"/>
<Control ui_type="array" name="TVIN_SIG_FMT_HDMI_1360_768" range="0~255" addr="1082" mask="" dst="U" desc="TVIN_SIG_FMT_HDMI_1360_768" default="0 0 0 0" value="0 0 0 0" cmd="ovsc:crop"/>
<Control ui_type="array" name="TVIN_SIG_FMT_HDMI_1366_768" range="0~255" addr="1083" mask="" dst="U" desc="TVIN_SIG_FMT_HDMI_1366_768" default="0 0 0 0" value="0 0 0 0" cmd="ovsc:crop"/>
<Control ui_type="array" name="TVIN_SIG_FMT_HDMI_1600_1200" range="0~255" addr="1084" mask="" dst="U" desc="TVIN_SIG_FMT_HDMI_1600_1200" default="0 0 0 0" value="0 0 0 0" cmd="ovsc:crop"/>
<Control ui_type="array" name="TVIN_SIG_FMT_HDMI_1920_1200" range="0~255" addr="1085" mask="" dst="U" desc="TVIN_SIG_FMT_HDMI_1920_1200" default="0 0 0 0" value="0 0 0 0" cmd="ovsc:crop"/>
<Control ui_type="array" name="TVIN_SIG_FMT_HDMI_1440_900_00HZ" range="0~255" addr="1086" mask="" dst="U" desc="TVIN_SIG_FMT_HDMI_1440_900_00HZ" default="0 0 0 0" value="0 0 0 0" cmd="ovsc:crop"/>
<Control ui_type="array" name="TVIN_SIG_FMT_HDMI_1400_1050_00HZ" range="0~255" addr="1087" mask="" dst="U" desc="TVIN_SIG_FMT_HDMI_1400_1050_00HZ" default="0 0 0 0" value="0 0 0 0" cmd="ovsc:crop"/>
<Control ui_type="array" name="TVIN_SIG_FMT_HDMI_1680_1050_00H" range="0~255" addr="1088" mask="" dst="U" desc="TVIN_SIG_FMT_HDMI_1680_1050_00H" default="0 0 0 0" value="0 0 0 0" cmd="ovsc:crop"/>
<Control ui_type="array" name="TVIN_SIG_FMT_HDMI_1920X1080I_60HZ_ALTERNATIVE" range="0~255" addr="1089" mask="" dst="U" desc="TVIN_SIG_FMT_HDMI_1920X1080I_60HZ_ALTERNATIVE" default="0 0 0 0" value="0 0 0 0" cmd="ovsc:crop"/>
<Control ui_type="array" name="TVIN_SIG_FMT_HDMI_1920X1080I_50HZ_ALTERNATIVE" range="0~255" addr="1090" mask="" dst="U" desc="TVIN_SIG_FMT_HDMI_1920X1080I_50HZ_ALTERNATIVE" default="0 0 0 0" value="0 0 0 0" cmd="ovsc:crop"/>
<Control ui_type="array" name="TVIN_SIG_FMT_HDMI_1920X1080P_24HZ_ALTERNATIVE" range="0~255" addr="1091" mask="" dst="U" desc="TVIN_SIG_FMT_HDMI_1920X1080P_24HZ_ALTERNATIVE" default="0 0 0 0" value="0 0 0 0" cmd="ovsc:crop"/>
<Control ui_type="array" name="TVIN_SIG_FMT_HDMI_1920X1080P_30HZ_ALTERNATIVE" range="0~255" addr="1092" mask="" dst="U" desc="TVIN_SIG_FMT_HDMI_1920X1080P_30HZ_ALTERNATIVE" default="0 0 0 0" value="0 0 0 0" cmd="ovsc:crop"/>
<Control ui_type="array" name="TVIN_SIG_FMT_HDMI_3840_2160_00HZ" range="0~255" addr="1093" mask="" dst="U" desc="TVIN_SIG_FMT_HDMI_3840_2160_00HZ" default="0 0 0 0" value="0 0 0 0" cmd="ovsc:crop"/>
<Control ui_type="array" name="TVIN_SIG_FMT_HDMI_4096_2160_00HZ" range="0~255" addr="1094" mask="" dst="U" desc="TVIN_SIG_FMT_HDMI_4096_2160_00HZ" default="0 0 0 0" value="0 0 0 0" cmd="ovsc:crop"/>
<Control ui_type="array" name="TVIN_SIG_FMT_HDMI_RESERVE10" range="0~255" addr="1095" mask="" dst="U" desc="TVIN_SIG_FMT_HDMI_RESERVE10" default="0 0 0 0" value="0 0 0 0" cmd="ovsc:crop"/>
<Control ui_type="array" name="TVIN_SIG_FMT_HDMI_RESERVE11" range="0~255" addr="1096" mask="" dst="U" desc="TVIN_SIG_FMT_HDMI_RESERVE11" default="0 0 0 0" value="0 0 0 0" cmd="ovsc:crop"/>
<Control ui_type="array" name="TVIN_SIG_FMT_HDMI_720x480P_60Hz_FRAME_PACKING" range="0~255" addr="1097" mask="" dst="U" desc="TVIN_SIG_FMT_HDMI_720x480P_60Hz_FRAME_PACKING" default="0 0 0 0" value="0 0 0 0" cmd="ovsc:crop"/>
<Control ui_type="array" name="TVIN_SIG_FMT_HDMI_720x576P_50Hz_FRAME_PACKING" range="0~255" addr="1098" mask="" dst="U" desc="TVIN_SIG_FMT_HDMI_720x576P_50Hz_FRAME_PACKING" default="0 0 0 0" value="0 0 0 0" cmd="ovsc:crop"/>
</Page>
</Group>
<Group num="TVIN_PORT_HDMI3" val="7">
<Page tab_title="vs,hs,ve,he" layout="23x4">
<Control ui_type="array" name="TVIN_SIG_FMT_HDMI_640x480P_60Hz" range="0~255" addr="1025" mask="" dst="U" desc="TVIN_SIG_FMT_HDMI_640x480P_60Hz" default="0 0 0 0" value="10 14 10 14" cmd="ovsc:crop"/>
<Control ui_type="array" name="TVIN_SIG_FMT_HDMI_720x480P_60Hz" range="0~255" addr="1026" mask="" dst="U" desc="TVIN_SIG_FMT_HDMI_720x480P_60Hz" default="10 16 10 16" value="10 14 10 14" cmd="ovsc:crop"/>
<Control ui_type="array" name="TVIN_SIG_FMT_HDMI_1280x720P_60Hz" range="0~255" addr="1027" mask="" dst="U" desc="TVIN_SIG_FMT_HDMI_1280x720P_60Hz" default="16 29 16 29" value="14 25 14 25" cmd="ovsc:crop"/>
<Control ui_type="array" name="TVIN_SIG_FMT_HDMI_1920x1080I_60Hz" range="0~255" addr="1028" mask="" dst="U" desc="TVIN_SIG_FMT_HDMI_1920x1080I_60Hz" default="24 40 24 40" value="22 42 22 42" cmd="ovsc:crop"/>
<Control ui_type="array" name="TVIN_SIG_FMT_HDMI_1440x480I_60Hz" range="0~255" addr="1029" mask="" dst="U" desc="TVIN_SIG_FMT_HDMI_1440x480I_60Hz" default="7 20 5 20" value="10 14 10 14" cmd="ovsc:crop"/>
<Control ui_type="array" name="TVIN_SIG_FMT_HDMI_1440x240P_60Hz" range="0~255" addr="1030" mask="" dst="U" desc="TVIN_SIG_FMT_HDMI_1440x240P_60Hz" default="10 56 10 56" value="10 14 10 14" cmd="ovsc:crop"/>
<Control ui_type="array" name="TVIN_SIG_FMT_HDMI_2880x480I_60Hz" range="0~255" addr="1031" mask="" dst="U" desc="TVIN_SIG_FMT_HDMI_2880x480I_60Hz" default="10 112 10 112" value="10 14 10 14" cmd="ovsc:crop"/>
<Control ui_type="array" name="TVIN_SIG_FMT_HDMI_2880x240P_60Hz" range="0~255" addr="1032" mask="" dst="U" desc="TVIN_SIG_FMT_HDMI_2880x240P_60Hz" default="10 112 10 112" value="10 14 10 14" cmd="ovsc:crop"/>
<Control ui_type="array" name="TVIN_SIG_FMT_HDMI_1440x480P_60Hz" range="0~255" addr="1033" mask="" dst="U" desc="TVIN_SIG_FMT_HDMI_1440x480P_60Hz" default="5 15 7 15" value="10 14 10 14" cmd="ovsc:crop"/>
<Control ui_type="array" name="TVIN_SIG_FMT_HDMI_1920x1080P_60Hz" range="0~255" addr="1034" mask="" dst="U" desc="TVIN_SIG_FMT_HDMI_1920x1080P_60Hz" default="0 0 0 0" value="22 42 22 42" cmd="ovsc:crop"/>
<Control ui_type="array" name="TVIN_SIG_FMT_HDMI_720x576P_50Hz" range="0~255" addr="1035" mask="" dst="U" desc="TVIN_SIG_FMT_HDMI_720x576P_50Hz" default="8 20 8 20" value="16 22 16 22" cmd="ovsc:crop"/>
<Control ui_type="array" name="TVIN_SIG_FMT_HDMI_1280x720P_50Hz" range="0~255" addr="1036" mask="" dst="U" desc="TVIN_SIG_FMT_HDMI_1280x720P_50Hz" default="16 30 16 30" value="18 32 18 32" cmd="ovsc:crop"/>
<Control ui_type="array" name="TVIN_SIG_FMT_HDMI_1920x1080I_50Hz_A" range="0~255" addr="1037" mask="" dst="U" desc="TVIN_SIG_FMT_HDMI_1920x1080I_50Hz_A" default="20 42 24 42" value="22 42 22 42" cmd="ovsc:crop"/>
<Control ui_type="array" name="TVIN_SIG_FMT_HDMI_1440x576I_50Hz" range="0~255" addr="1038" mask="" dst="U" desc="TVIN_SIG_FMT_HDMI_1440x576I_50Hz" default="10 16 10 16" value="17 23 17 23" cmd="ovsc:crop"/>
<Control ui_type="array" name="TVIN_SIG_FMT_HDMI_1440x288P_50Hz" range="0~255" addr="1039" mask="" dst="U" desc="TVIN_SIG_FMT_HDMI_1440x288P_50Hz" default="12 56 12 56" value="17 23 17 23" cmd="ovsc:crop"/>
<Control ui_type="array" name="TVIN_SIG_FMT_HDMI_2880x576I_50Hz" range="0~255" addr="1040" mask="" dst="U" desc="TVIN_SIG_FMT_HDMI_2880x576I_50Hz" default="12 112 12 112" value="18 22 18 22" cmd="ovsc:crop"/>
<Control ui_type="array" name="TVIN_SIG_FMT_HDMI_2880x288P_50Hz" range="0~255" addr="1041" mask="" dst="U" desc="TVIN_SIG_FMT_HDMI_2880x288P_50Hz" default="12 112 12 112" value="18 22 18 22" cmd="ovsc:crop"/>
<Control ui_type="array" name="TVIN_SIG_FMT_HDMI_1440x576P_50Hz" range="0~255" addr="1042" mask="" dst="U" desc="TVIN_SIG_FMT_HDMI_1440x576P_50Hz" default="8 14 10 14" value="17 23 17 23" cmd="ovsc:crop"/>
<Control ui_type="array" name="TVIN_SIG_FMT_HDMI_1920x1080P_50Hz" range="0~255" addr="1043" mask="" dst="U" desc="TVIN_SIG_FMT_HDMI_1920x1080P_50Hz" default="20 40 18 40" value="22 42 22 42" cmd="ovsc:crop"/>
<Control ui_type="array" name="TVIN_SIG_FMT_HDMI_1920x1080P_24Hz" range="0~255" addr="1044" mask="" dst="U" desc="TVIN_SIG_FMT_HDMI_1920x1080P_24Hz" default="0 0 0 0" value="22 42 22 42" cmd="ovsc:crop"/>
<Control ui_type="array" name="TVIN_SIG_FMT_HDMI_1920x1080P_25Hz" range="0~255" addr="1045" mask="" dst="U" desc="TVIN_SIG_FMT_HDMI_1920x1080P_25Hz" default="0 0 0 0" value="22 42 22 42" cmd="ovsc:crop"/>
<Control ui_type="array" name="TVIN_SIG_FMT_HDMI_1920x1080P_30Hz" range="0~255" addr="1046" mask="" dst="U" desc="TVIN_SIG_FMT_HDMI_1920x1080P_30Hz" default="0 0 0 0" value="22 42 22 42" cmd="ovsc:crop"/>
<Control ui_type="array" name="TVIN_SIG_FMT_HDMI_2880x480P_60Hz" range="0~255" addr="1047" mask="" dst="U" desc="TVIN_SIG_FMT_HDMI_2880x480P_60Hz" default="18 112 18 112" value="10 14 10 14" cmd="ovsc:crop"/>
<Control ui_type="array" name="TVIN_SIG_FMT_HDMI_2880x576P_60Hz" range="0~255" addr="1048" mask="" dst="U" desc="TVIN_SIG_FMT_HDMI_2880x576P_60Hz" default="22 112 22 112" value="18 22 18 22" cmd="ovsc:crop"/>
<Control ui_type="array" name="TVIN_SIG_FMT_HDMI_1920x1080I_50Hz_B" range="0~255" addr="1049" mask="" dst="U" desc="TVIN_SIG_FMT_HDMI_1920x1080I_50Hz_B" default="20 40 22 40" value="22 42 22 42" cmd="ovsc:crop"/>
<Control ui_type="array" name="TVIN_SIG_FMT_HDMI_1920x1080I_100Hz" range="0~255" addr="1050" mask="" dst="U" desc="TVIN_SIG_FMT_HDMI_1920x1080I_100Hz" default="8 36 8 36" value="22 42 22 42" cmd="ovsc:crop"/>
<Control ui_type="array" name="TVIN_SIG_FMT_HDMI_1280x720P_100Hz" range="0~255" addr="1051" mask="" dst="U" desc="TVIN_SIG_FMT_HDMI_1280x720P_100Hz" default="14 30 14 30" value="14 25 14 25" cmd="ovsc:crop"/>
<Control ui_type="array" name="TVIN_SIG_FMT_HDMI_720x576P_100Hz" range="0~255" addr="1052" mask="" dst="U" desc="TVIN_SIG_FMT_HDMI_720x576P_100Hz" default="6 18 6 18" value="16 22 16 22" cmd="ovsc:crop"/>
<Control ui_type="array" name="TVIN_SIG_FMT_HDMI_1440x576I_100Hz" range="0~255" addr="1053" mask="" dst="U" desc="TVIN_SIG_FMT_HDMI_1440x576I_100Hz" default="3 35 5 41" value="17 23 17 23" cmd="ovsc:crop"/>
<Control ui_type="array" name="TVIN_SIG_FMT_HDMI_1920x1080I_120Hz" range="0~255" addr="1054" mask="" dst="U" desc="TVIN_SIG_FMT_HDMI_1920x1080I_120Hz" default="8 36 8 36" value="22 42 22 42" cmd="ovsc:crop"/>
<Control ui_type="array" name="TVIN_SIG_FMT_HDMI_1280x720P_120Hz" range="0~255" addr="1055" mask="" dst="U" desc="TVIN_SIG_FMT_HDMI_1280x720P_120Hz" default="14 30 14 30" value="14 25 14 25" cmd="ovsc:crop"/>
<Control ui_type="array" name="TVIN_SIG_FMT_HDMI_720x480P_120Hz" range="0~255" addr="1056" mask="" dst="U" desc="TVIN_SIG_FMT_HDMI_720x480P_120Hz" default="5 19 5 19" value="10 14 10 14" cmd="ovsc:crop"/>
<Control ui_type="array" name="TVIN_SIG_FMT_HDMI_1440x480I_120Hz" range="0~255" addr="1057" mask="" dst="U" desc="TVIN_SIG_FMT_HDMI_1440x480I_120Hz" default="2 31 3 47" value="10 14 10 14" cmd="ovsc:crop"/>
<Control ui_type="array" name="TVIN_SIG_FMT_HDMI_720x576P_200Hz" range="0~255" addr="1058" mask="" dst="U" desc="TVIN_SIG_FMT_HDMI_720x576P_200Hz" default="6 18 6 18" value="16 22 16 22" cmd="ovsc:crop"/>
<Control ui_type="array" name="TVIN_SIG_FMT_HDMI_1440x576I_200Hz" range="0~255" addr="1059" mask="" dst="U" desc="TVIN_SIG_FMT_HDMI_1440x576I_200Hz" default="3 35 5 41" value="17 23 17 23" cmd="ovsc:crop"/>
<Control ui_type="array" name="TVIN_SIG_FMT_HDMI_720x480P_240Hz" range="0~255" addr="1060" mask="" dst="U" desc="TVIN_SIG_FMT_HDMI_720x480P_240Hz" default="5 19 5 19" value="10 14 10 14" cmd="ovsc:crop"/>
<Control ui_type="array" name="TVIN_SIG_FMT_HDMI_1440x480I_240Hz" range="0~255" addr="1061" mask="" dst="U" desc="TVIN_SIG_FMT_HDMI_1440x480I_240Hz" default="2 31 3 47" value="10 14 10 14" cmd="ovsc:crop"/>
<Control ui_type="array" name="TVIN_SIG_FMT_HDMI_1280x720P_24Hz" range="0~255" addr="1062" mask="" dst="U" desc="TVIN_SIG_FMT_HDMI_1280x720P_24Hz" default="14 30 14 30" value="14 25 14 25" cmd="ovsc:crop"/>
<Control ui_type="array" name="TVIN_SIG_FMT_HDMI_1280x720P_25Hz" range="0~255" addr="1063" mask="" dst="U" desc="TVIN_SIG_FMT_HDMI_1280x720P_25Hz" default="14 30 14 30" value="14 25 14 25" cmd="ovsc:crop"/>
<Control ui_type="array" name="TVIN_SIG_FMT_HDMI_1280x720P_30Hz" range="0~255" addr="1064" mask="" dst="U" desc="TVIN_SIG_FMT_HDMI_1280x720P_30Hz" default="14 30 14 30" value="14 25 14 25" cmd="ovsc:crop"/>
<Control ui_type="array" name="TVIN_SIG_FMT_HDMI_1920x1080P_120Hz" range="0~255" addr="1065" mask="" dst="U" desc="TVIN_SIG_FMT_HDMI_1920x1080P_120Hz" default="18 36 18 36" value="22 42 22 42" cmd="ovsc:crop"/>
<Control ui_type="array" name="TVIN_SIG_FMT_HDMI_1920x1080P_100Hz" range="0~255" addr="1066" mask="" dst="U" desc="TVIN_SIG_FMT_HDMI_1920x1080P_100Hz" default="18 36 18 36" value="22 42 22 42" cmd="ovsc:crop"/>
<Control ui_type="array" name="TVIN_SIG_FMT_HDMI_1280x720P_60Hz_FRAME_PACKING" range="0~255" addr="1067" mask="" dst="U" desc="TVIN_SIG_FMT_HDMI_1280x720P_60Hz_FRAME_PACKING" default="0 0 0 0" value="0 0 0 0" cmd="ovsc:crop"/>
<Control ui_type="array" name="TVIN_SIG_FMT_HDMI_1280x720P_50Hz_FRAME_PACKING" range="0~255" addr="1068" mask="" dst="U" desc="TVIN_SIG_FMT_HDMI_1280x720P_50Hz_FRAME_PACKING" default="0 0 0 0" value="0 0 0 0" cmd="ovsc:crop"/>
<Control ui_type="array" name="TVIN_SIG_FMT_HDMI_1280x720P_24Hz_FRAME_PACKING" range="0~255" addr="1069" mask="" dst="U" desc="TVIN_SIG_FMT_HDMI_1280x720P_24Hz_FRAME_PACKING" default="0 0 0 0" value="0 0 0 0" cmd="ovsc:crop"/>
<Control ui_type="array" name="TVIN_SIG_FMT_HDMI_1280x720P_30Hz_FRAME_PACKING" range="0~255" addr="1070" mask="" dst="U" desc="TVIN_SIG_FMT_HDMI_1280x720P_30Hz_FRAME_PACKING" default="0 0 0 0" value="0 0 0 0" cmd="ovsc:crop"/>
<Control ui_type="array" name="TVIN_SIG_FMT_HDMI_1920x1080I_60Hz_FRAME_PACKING" range="0~255" addr="1071" mask="" dst="U" desc="TVIN_SIG_FMT_HDMI_1920x1080I_60Hz_FRAME_PACKING" default="0 0 0 0" value="0 0 0 0" cmd="ovsc:crop"/>
<Control ui_type="array" name="TVIN_SIG_FMT_HDMI_1920x1080I_50Hz_FRAME_PACKING" range="0~255" addr="1072" mask="" dst="U" desc="TVIN_SIG_FMT_HDMI_1920x1080I_50Hz_FRAME_PACKING" default="0 0 0 0" value="0 0 0 0" cmd="ovsc:crop"/>
<Control ui_type="array" name="TVIN_SIG_FMT_HDMI_1920x1080P_24Hz_FRAME_PACKING" range="0~255" addr="1073" mask="" dst="U" desc="TVIN_SIG_FMT_HDMI_1920x1080P_24Hz_FRAME_PACKING" default="0 0 0 0" value="0 0 0 0" cmd="ovsc:crop"/>
<Control ui_type="array" name="TVIN_SIG_FMT_HDMI_1920x1080P_30Hz_FRAME_PACKING" range="0~255" addr="1074" mask="" dst="U" desc="TVIN_SIG_FMT_HDMI_1920x1080P_30Hz_FRAME_PACKING" default="0 0 0 0" value="0 0 0 0" cmd="ovsc:crop"/>
<Control ui_type="array" name="TVIN_SIG_FMT_HDMI_800x600" range="0~255" addr="1075" mask="" dst="U" desc="TVIN_SIG_FMT_HDMI_800x600" default="0 0 0 0" value="0 0 0 0" cmd="ovsc:crop"/>
<Control ui_type="array" name="TVIN_SIG_FMT_HDMI_1024X768" range="0~255" addr="1076" mask="" dst="U" desc="TVIN_SIG_FMT_HDMI_1024X768" default="0 0 0 0" value="0 0 0 0" cmd="ovsc:crop"/>
<Control ui_type="array" name="TVIN_SIG_FMT_HDMI_720_400" range="0~255" addr="1077" mask="" dst="U" desc="TVIN_SIG_FMT_HDMI_720_400" default="0 0 0 0" value="0 0 0 0" cmd="ovsc:crop"/>
<Control ui_type="array" name="TVIN_SIG_FMT_HDMI_1280_768" range="0~255" addr="1078" mask="" dst="U" desc="TVIN_SIG_FMT_HDMI_1280_768" default="0 0 0 0" value="0 0 0 0" cmd="ovsc:crop"/>
<Control ui_type="array" name="TVIN_SIG_FMT_HDMI_1280_800" range="0~255" addr="1079" mask="" dst="U" desc="TVIN_SIG_FMT_HDMI_1280_800" default="0 0 0 0" value="0 0 0 0" cmd="ovsc:crop"/>
<Control ui_type="array" name="TVIN_SIG_FMT_HDMI_1280_960" range="0~255" addr="1080" mask="" dst="U" desc="TVIN_SIG_FMT_HDMI_1280_960" default="0 0 0 0" value="0 0 0 0" cmd="ovsc:crop"/>
<Control ui_type="array" name="TVIN_SIG_FMT_HDMI_1280X1024" range="0~255" addr="1081" mask="" dst="U" desc="TVIN_SIG_FMT_HDMI_1280X1024" default="0 0 0 0" value="0 0 0 0" cmd="ovsc:crop"/>
<Control ui_type="array" name="TVIN_SIG_FMT_HDMI_1360_768" range="0~255" addr="1082" mask="" dst="U" desc="TVIN_SIG_FMT_HDMI_1360_768" default="0 0 0 0" value="0 0 0 0" cmd="ovsc:crop"/>
<Control ui_type="array" name="TVIN_SIG_FMT_HDMI_1366_768" range="0~255" addr="1083" mask="" dst="U" desc="TVIN_SIG_FMT_HDMI_1366_768" default="0 0 0 0" value="0 0 0 0" cmd="ovsc:crop"/>
<Control ui_type="array" name="TVIN_SIG_FMT_HDMI_1600_1200" range="0~255" addr="1084" mask="" dst="U" desc="TVIN_SIG_FMT_HDMI_1600_1200" default="0 0 0 0" value="0 0 0 0" cmd="ovsc:crop"/>
<Control ui_type="array" name="TVIN_SIG_FMT_HDMI_1920_1200" range="0~255" addr="1085" mask="" dst="U" desc="TVIN_SIG_FMT_HDMI_1920_1200" default="0 0 0 0" value="0 0 0 0" cmd="ovsc:crop"/>
<Control ui_type="array" name="TVIN_SIG_FMT_HDMI_1440_900_00HZ" range="0~255" addr="1086" mask="" dst="U" desc="TVIN_SIG_FMT_HDMI_1440_900_00HZ" default="0 0 0 0" value="0 0 0 0" cmd="ovsc:crop"/>
<Control ui_type="array" name="TVIN_SIG_FMT_HDMI_1400_1050_00HZ" range="0~255" addr="1087" mask="" dst="U" desc="TVIN_SIG_FMT_HDMI_1400_1050_00HZ" default="0 0 0 0" value="0 0 0 0" cmd="ovsc:crop"/>
<Control ui_type="array" name="TVIN_SIG_FMT_HDMI_1680_1050_00H" range="0~255" addr="1088" mask="" dst="U" desc="TVIN_SIG_FMT_HDMI_1680_1050_00H" default="0 0 0 0" value="0 0 0 0" cmd="ovsc:crop"/>
<Control ui_type="array" name="TVIN_SIG_FMT_HDMI_1920X1080I_60HZ_ALTERNATIVE" range="0~255" addr="1089" mask="" dst="U" desc="TVIN_SIG_FMT_HDMI_1920X1080I_60HZ_ALTERNATIVE" default="0 0 0 0" value="0 0 0 0" cmd="ovsc:crop"/>
<Control ui_type="array" name="TVIN_SIG_FMT_HDMI_1920X1080I_50HZ_ALTERNATIVE" range="0~255" addr="1090" mask="" dst="U" desc="TVIN_SIG_FMT_HDMI_1920X1080I_50HZ_ALTERNATIVE" default="0 0 0 0" value="0 0 0 0" cmd="ovsc:crop"/>
<Control ui_type="array" name="TVIN_SIG_FMT_HDMI_1920X1080P_24HZ_ALTERNATIVE" range="0~255" addr="1091" mask="" dst="U" desc="TVIN_SIG_FMT_HDMI_1920X1080P_24HZ_ALTERNATIVE" default="0 0 0 0" value="0 0 0 0" cmd="ovsc:crop"/>
<Control ui_type="array" name="TVIN_SIG_FMT_HDMI_1920X1080P_30HZ_ALTERNATIVE" range="0~255" addr="1092" mask="" dst="U" desc="TVIN_SIG_FMT_HDMI_1920X1080P_30HZ_ALTERNATIVE" default="0 0 0 0" value="0 0 0 0" cmd="ovsc:crop"/>
<Control ui_type="array" name="TVIN_SIG_FMT_HDMI_3840_2160_00HZ" range="0~255" addr="1093" mask="" dst="U" desc="TVIN_SIG_FMT_HDMI_3840_2160_00HZ" default="0 0 0 0" value="0 0 0 0" cmd="ovsc:crop"/>
<Control ui_type="array" name="TVIN_SIG_FMT_HDMI_4096_2160_00HZ" range="0~255" addr="1094" mask="" dst="U" desc="TVIN_SIG_FMT_HDMI_4096_2160_00HZ" default="0 0 0 0" value="0 0 0 0" cmd="ovsc:crop"/>
<Control ui_type="array" name="TVIN_SIG_FMT_HDMI_RESERVE10" range="0~255" addr="1095" mask="" dst="U" desc="TVIN_SIG_FMT_HDMI_RESERVE10" default="0 0 0 0" value="0 0 0 0" cmd="ovsc:crop"/>
<Control ui_type="array" name="TVIN_SIG_FMT_HDMI_RESERVE11" range="0~255" addr="1096" mask="" dst="U" desc="TVIN_SIG_FMT_HDMI_RESERVE11" default="0 0 0 0" value="0 0 0 0" cmd="ovsc:crop"/>
<Control ui_type="array" name="TVIN_SIG_FMT_HDMI_720x480P_60Hz_FRAME_PACKING" range="0~255" addr="1097" mask="" dst="U" desc="TVIN_SIG_FMT_HDMI_720x480P_60Hz_FRAME_PACKING" default="0 0 0 0" value="0 0 0 0" cmd="ovsc:crop"/>
<Control ui_type="array" name="TVIN_SIG_FMT_HDMI_720x576P_50Hz_FRAME_PACKING" range="0~255" addr="1098" mask="" dst="U" desc="TVIN_SIG_FMT_HDMI_720x576P_50Hz_FRAME_PACKING" default="0 0 0 0" value="0 0 0 0" cmd="ovsc:crop"/>
</Page>
</Group>
<Group num="TVIN_PORT_HDMI4" val="8">
<Page tab_title="vs,hs,ve,he" layout="23x4">
<Control ui_type="array" name="TVIN_SIG_FMT_HDMI_640x480P_60Hz" range="0~255" addr="1025" mask="" dst="U" desc="TVIN_SIG_FMT_HDMI_640x480P_60Hz" default="0 0 0 0" value="10 14 10 14" cmd="ovsc:crop"/>
<Control ui_type="array" name="TVIN_SIG_FMT_HDMI_720x480P_60Hz" range="0~255" addr="1026" mask="" dst="U" desc="TVIN_SIG_FMT_HDMI_720x480P_60Hz" default="10 16 10 16" value="10 14 10 14" cmd="ovsc:crop"/>
<Control ui_type="array" name="TVIN_SIG_FMT_HDMI_1280x720P_60Hz" range="0~255" addr="1027" mask="" dst="U" desc="TVIN_SIG_FMT_HDMI_1280x720P_60Hz" default="16 29 16 29" value="14 25 14 25" cmd="ovsc:crop"/>
<Control ui_type="array" name="TVIN_SIG_FMT_HDMI_1920x1080I_60Hz" range="0~255" addr="1028" mask="" dst="U" desc="TVIN_SIG_FMT_HDMI_1920x1080I_60Hz" default="24 40 24 40" value="22 42 22 42" cmd="ovsc:crop"/>
<Control ui_type="array" name="TVIN_SIG_FMT_HDMI_1440x480I_60Hz" range="0~255" addr="1029" mask="" dst="U" desc="TVIN_SIG_FMT_HDMI_1440x480I_60Hz" default="7 20 5 20" value="10 14 10 14" cmd="ovsc:crop"/>
<Control ui_type="array" name="TVIN_SIG_FMT_HDMI_1440x240P_60Hz" range="0~255" addr="1030" mask="" dst="U" desc="TVIN_SIG_FMT_HDMI_1440x240P_60Hz" default="10 56 10 56" value="10 14 10 14" cmd="ovsc:crop"/>
<Control ui_type="array" name="TVIN_SIG_FMT_HDMI_2880x480I_60Hz" range="0~255" addr="1031" mask="" dst="U" desc="TVIN_SIG_FMT_HDMI_2880x480I_60Hz" default="10 112 10 112" value="10 14 10 14" cmd="ovsc:crop"/>
<Control ui_type="array" name="TVIN_SIG_FMT_HDMI_2880x240P_60Hz" range="0~255" addr="1032" mask="" dst="U" desc="TVIN_SIG_FMT_HDMI_2880x240P_60Hz" default="10 112 10 112" value="10 14 10 14" cmd="ovsc:crop"/>
<Control ui_type="array" name="TVIN_SIG_FMT_HDMI_1440x480P_60Hz" range="0~255" addr="1033" mask="" dst="U" desc="TVIN_SIG_FMT_HDMI_1440x480P_60Hz" default="5 15 7 15" value="10 14 10 14" cmd="ovsc:crop"/>
<Control ui_type="array" name="TVIN_SIG_FMT_HDMI_1920x1080P_60Hz" range="0~255" addr="1034" mask="" dst="U" desc="TVIN_SIG_FMT_HDMI_1920x1080P_60Hz" default="0 0 0 0" value="22 42 22 42" cmd="ovsc:crop"/>
<Control ui_type="array" name="TVIN_SIG_FMT_HDMI_720x576P_50Hz" range="0~255" addr="1035" mask="" dst="U" desc="TVIN_SIG_FMT_HDMI_720x576P_50Hz" default="8 20 8 20" value="16 22 16 22" cmd="ovsc:crop"/>
<Control ui_type="array" name="TVIN_SIG_FMT_HDMI_1280x720P_50Hz" range="0~255" addr="1036" mask="" dst="U" desc="TVIN_SIG_FMT_HDMI_1280x720P_50Hz" default="16 30 16 30" value="18 32 18 32" cmd="ovsc:crop"/>
<Control ui_type="array" name="TVIN_SIG_FMT_HDMI_1920x1080I_50Hz_A" range="0~255" addr="1037" mask="" dst="U" desc="TVIN_SIG_FMT_HDMI_1920x1080I_50Hz_A" default="20 42 24 42" value="22 42 22 42" cmd="ovsc:crop"/>
<Control ui_type="array" name="TVIN_SIG_FMT_HDMI_1440x576I_50Hz" range="0~255" addr="1038" mask="" dst="U" desc="TVIN_SIG_FMT_HDMI_1440x576I_50Hz" default="10 16 10 16" value="17 23 17 23" cmd="ovsc:crop"/>
<Control ui_type="array" name="TVIN_SIG_FMT_HDMI_1440x288P_50Hz" range="0~255" addr="1039" mask="" dst="U" desc="TVIN_SIG_FMT_HDMI_1440x288P_50Hz" default="12 56 12 56" value="17 23 17 23" cmd="ovsc:crop"/>
<Control ui_type="array" name="TVIN_SIG_FMT_HDMI_2880x576I_50Hz" range="0~255" addr="1040" mask="" dst="U" desc="TVIN_SIG_FMT_HDMI_2880x576I_50Hz" default="12 112 12 112" value="18 22 18 22" cmd="ovsc:crop"/>
<Control ui_type="array" name="TVIN_SIG_FMT_HDMI_2880x288P_50Hz" range="0~255" addr="1041" mask="" dst="U" desc="TVIN_SIG_FMT_HDMI_2880x288P_50Hz" default="12 112 12 112" value="18 22 18 22" cmd="ovsc:crop"/>
<Control ui_type="array" name="TVIN_SIG_FMT_HDMI_1440x576P_50Hz" range="0~255" addr="1042" mask="" dst="U" desc="TVIN_SIG_FMT_HDMI_1440x576P_50Hz" default="8 14 10 14" value="17 23 17 23" cmd="ovsc:crop"/>
<Control ui_type="array" name="TVIN_SIG_FMT_HDMI_1920x1080P_50Hz" range="0~255" addr="1043" mask="" dst="U" desc="TVIN_SIG_FMT_HDMI_1920x1080P_50Hz" default="20 40 18 40" value="22 42 22 42" cmd="ovsc:crop"/>
<Control ui_type="array" name="TVIN_SIG_FMT_HDMI_1920x1080P_24Hz" range="0~255" addr="1044" mask="" dst="U" desc="TVIN_SIG_FMT_HDMI_1920x1080P_24Hz" default="0 0 0 0" value="22 42 22 42" cmd="ovsc:crop"/>
<Control ui_type="array" name="TVIN_SIG_FMT_HDMI_1920x1080P_25Hz" range="0~255" addr="1045" mask="" dst="U" desc="TVIN_SIG_FMT_HDMI_1920x1080P_25Hz" default="0 0 0 0" value="22 42 22 42" cmd="ovsc:crop"/>
<Control ui_type="array" name="TVIN_SIG_FMT_HDMI_1920x1080P_30Hz" range="0~255" addr="1046" mask="" dst="U" desc="TVIN_SIG_FMT_HDMI_1920x1080P_30Hz" default="0 0 0 0" value="22 42 22 42" cmd="ovsc:crop"/>
<Control ui_type="array" name="TVIN_SIG_FMT_HDMI_2880x480P_60Hz" range="0~255" addr="1047" mask="" dst="U" desc="TVIN_SIG_FMT_HDMI_2880x480P_60Hz" default="18 112 18 112" value="10 14 10 14" cmd="ovsc:crop"/>
<Control ui_type="array" name="TVIN_SIG_FMT_HDMI_2880x576P_60Hz" range="0~255" addr="1048" mask="" dst="U" desc="TVIN_SIG_FMT_HDMI_2880x576P_60Hz" default="22 112 22 112" value="18 22 18 22" cmd="ovsc:crop"/>
<Control ui_type="array" name="TVIN_SIG_FMT_HDMI_1920x1080I_50Hz_B" range="0~255" addr="1049" mask="" dst="U" desc="TVIN_SIG_FMT_HDMI_1920x1080I_50Hz_B" default="20 40 22 40" value="22 42 22 42" cmd="ovsc:crop"/>
<Control ui_type="array" name="TVIN_SIG_FMT_HDMI_1920x1080I_100Hz" range="0~255" addr="1050" mask="" dst="U" desc="TVIN_SIG_FMT_HDMI_1920x1080I_100Hz" default="8 36 8 36" value="22 42 22 42" cmd="ovsc:crop"/>
<Control ui_type="array" name="TVIN_SIG_FMT_HDMI_1280x720P_100Hz" range="0~255" addr="1051" mask="" dst="U" desc="TVIN_SIG_FMT_HDMI_1280x720P_100Hz" default="14 30 14 30" value="14 25 14 25" cmd="ovsc:crop"/>
<Control ui_type="array" name="TVIN_SIG_FMT_HDMI_720x576P_100Hz" range="0~255" addr="1052" mask="" dst="U" desc="TVIN_SIG_FMT_HDMI_720x576P_100Hz" default="6 18 6 18" value="16 22 16 22" cmd="ovsc:crop"/>
<Control ui_type="array" name="TVIN_SIG_FMT_HDMI_1440x576I_100Hz" range="0~255" addr="1053" mask="" dst="U" desc="TVIN_SIG_FMT_HDMI_1440x576I_100Hz" default="3 35 5 41" value="17 23 17 23" cmd="ovsc:crop"/>
<Control ui_type="array" name="TVIN_SIG_FMT_HDMI_1920x1080I_120Hz" range="0~255" addr="1054" mask="" dst="U" desc="TVIN_SIG_FMT_HDMI_1920x1080I_120Hz" default="8 36 8 36" value="22 42 22 42" cmd="ovsc:crop"/>
<Control ui_type="array" name="TVIN_SIG_FMT_HDMI_1280x720P_120Hz" range="0~255" addr="1055" mask="" dst="U" desc="TVIN_SIG_FMT_HDMI_1280x720P_120Hz" default="14 30 14 30" value="14 25 14 25" cmd="ovsc:crop"/>
<Control ui_type="array" name="TVIN_SIG_FMT_HDMI_720x480P_120Hz" range="0~255" addr="1056" mask="" dst="U" desc="TVIN_SIG_FMT_HDMI_720x480P_120Hz" default="5 19 5 19" value="10 14 10 14" cmd="ovsc:crop"/>
<Control ui_type="array" name="TVIN_SIG_FMT_HDMI_1440x480I_120Hz" range="0~255" addr="1057" mask="" dst="U" desc="TVIN_SIG_FMT_HDMI_1440x480I_120Hz" default="2 31 3 47" value="10 14 10 14" cmd="ovsc:crop"/>
<Control ui_type="array" name="TVIN_SIG_FMT_HDMI_720x576P_200Hz" range="0~255" addr="1058" mask="" dst="U" desc="TVIN_SIG_FMT_HDMI_720x576P_200Hz" default="6 18 6 18" value="16 22 16 22" cmd="ovsc:crop"/>
<Control ui_type="array" name="TVIN_SIG_FMT_HDMI_1440x576I_200Hz" range="0~255" addr="1059" mask="" dst="U" desc="TVIN_SIG_FMT_HDMI_1440x576I_200Hz" default="3 35 5 41" value="17 23 17 23" cmd="ovsc:crop"/>
<Control ui_type="array" name="TVIN_SIG_FMT_HDMI_720x480P_240Hz" range="0~255" addr="1060" mask="" dst="U" desc="TVIN_SIG_FMT_HDMI_720x480P_240Hz" default="5 19 5 19" value="10 14 10 14" cmd="ovsc:crop"/>
<Control ui_type="array" name="TVIN_SIG_FMT_HDMI_1440x480I_240Hz" range="0~255" addr="1061" mask="" dst="U" desc="TVIN_SIG_FMT_HDMI_1440x480I_240Hz" default="2 31 3 47" value="10 14 10 14" cmd="ovsc:crop"/>
<Control ui_type="array" name="TVIN_SIG_FMT_HDMI_1280x720P_24Hz" range="0~255" addr="1062" mask="" dst="U" desc="TVIN_SIG_FMT_HDMI_1280x720P_24Hz" default="14 30 14 30" value="14 25 14 25" cmd="ovsc:crop"/>
<Control ui_type="array" name="TVIN_SIG_FMT_HDMI_1280x720P_25Hz" range="0~255" addr="1063" mask="" dst="U" desc="TVIN_SIG_FMT_HDMI_1280x720P_25Hz" default="14 30 14 30" value="14 25 14 25" cmd="ovsc:crop"/>
<Control ui_type="array" name="TVIN_SIG_FMT_HDMI_1280x720P_30Hz" range="0~255" addr="1064" mask="" dst="U" desc="TVIN_SIG_FMT_HDMI_1280x720P_30Hz" default="14 30 14 30" value="14 25 14 25" cmd="ovsc:crop"/>
<Control ui_type="array" name="TVIN_SIG_FMT_HDMI_1920x1080P_120Hz" range="0~255" addr="1065" mask="" dst="U" desc="TVIN_SIG_FMT_HDMI_1920x1080P_120Hz" default="18 36 18 36" value="22 42 22 42" cmd="ovsc:crop"/>
<Control ui_type="array" name="TVIN_SIG_FMT_HDMI_1920x1080P_100Hz" range="0~255" addr="1066" mask="" dst="U" desc="TVIN_SIG_FMT_HDMI_1920x1080P_100Hz" default="18 36 18 36" value="22 42 22 42" cmd="ovsc:crop"/>
<Control ui_type="array" name="TVIN_SIG_FMT_HDMI_1280x720P_60Hz_FRAME_PACKING" range="0~255" addr="1067" mask="" dst="U" desc="TVIN_SIG_FMT_HDMI_1280x720P_60Hz_FRAME_PACKING" default="0 0 0 0" value="0 0 0 0" cmd="ovsc:crop"/>
<Control ui_type="array" name="TVIN_SIG_FMT_HDMI_1280x720P_50Hz_FRAME_PACKING" range="0~255" addr="1068" mask="" dst="U" desc="TVIN_SIG_FMT_HDMI_1280x720P_50Hz_FRAME_PACKING" default="0 0 0 0" value="0 0 0 0" cmd="ovsc:crop"/>
<Control ui_type="array" name="TVIN_SIG_FMT_HDMI_1280x720P_24Hz_FRAME_PACKING" range="0~255" addr="1069" mask="" dst="U" desc="TVIN_SIG_FMT_HDMI_1280x720P_24Hz_FRAME_PACKING" default="0 0 0 0" value="0 0 0 0" cmd="ovsc:crop"/>
<Control ui_type="array" name="TVIN_SIG_FMT_HDMI_1280x720P_30Hz_FRAME_PACKING" range="0~255" addr="1070" mask="" dst="U" desc="TVIN_SIG_FMT_HDMI_1280x720P_30Hz_FRAME_PACKING" default="0 0 0 0" value="0 0 0 0" cmd="ovsc:crop"/>
<Control ui_type="array" name="TVIN_SIG_FMT_HDMI_1920x1080I_60Hz_FRAME_PACKING" range="0~255" addr="1071" mask="" dst="U" desc="TVIN_SIG_FMT_HDMI_1920x1080I_60Hz_FRAME_PACKING" default="0 0 0 0" value="0 0 0 0" cmd="ovsc:crop"/>
<Control ui_type="array" name="TVIN_SIG_FMT_HDMI_1920x1080I_50Hz_FRAME_PACKING" range="0~255" addr="1072" mask="" dst="U" desc="TVIN_SIG_FMT_HDMI_1920x1080I_50Hz_FRAME_PACKING" default="0 0 0 0" value="0 0 0 0" cmd="ovsc:crop"/>
<Control ui_type="array" name="TVIN_SIG_FMT_HDMI_1920x1080P_24Hz_FRAME_PACKING" range="0~255" addr="1073" mask="" dst="U" desc="TVIN_SIG_FMT_HDMI_1920x1080P_24Hz_FRAME_PACKING" default="0 0 0 0" value="0 0 0 0" cmd="ovsc:crop"/>
<Control ui_type="array" name="TVIN_SIG_FMT_HDMI_1920x1080P_30Hz_FRAME_PACKING" range="0~255" addr="1074" mask="" dst="U" desc="TVIN_SIG_FMT_HDMI_1920x1080P_30Hz_FRAME_PACKING" default="0 0 0 0" value="0 0 0 0" cmd="ovsc:crop"/>
<Control ui_type="array" name="TVIN_SIG_FMT_HDMI_800x600" range="0~255" addr="1075" mask="" dst="U" desc="TVIN_SIG_FMT_HDMI_800x600" default="0 0 0 0" value="0 0 0 0" cmd="ovsc:crop"/>
<Control ui_type="array" name="TVIN_SIG_FMT_HDMI_1024X768" range="0~255" addr="1076" mask="" dst="U" desc="TVIN_SIG_FMT_HDMI_1024X768" default="0 0 0 0" value="0 0 0 0" cmd="ovsc:crop"/>
<Control ui_type="array" name="TVIN_SIG_FMT_HDMI_720_400" range="0~255" addr="1077" mask="" dst="U" desc="TVIN_SIG_FMT_HDMI_720_400" default="0 0 0 0" value="0 0 0 0" cmd="ovsc:crop"/>
<Control ui_type="array" name="TVIN_SIG_FMT_HDMI_1280_768" range="0~255" addr="1078" mask="" dst="U" desc="TVIN_SIG_FMT_HDMI_1280_768" default="0 0 0 0" value="0 0 0 0" cmd="ovsc:crop"/>
<Control ui_type="array" name="TVIN_SIG_FMT_HDMI_1280_800" range="0~255" addr="1079" mask="" dst="U" desc="TVIN_SIG_FMT_HDMI_1280_800" default="0 0 0 0" value="0 0 0 0" cmd="ovsc:crop"/>
<Control ui_type="array" name="TVIN_SIG_FMT_HDMI_1280_960" range="0~255" addr="1080" mask="" dst="U" desc="TVIN_SIG_FMT_HDMI_1280_960" default="0 0 0 0" value="0 0 0 0" cmd="ovsc:crop"/>
<Control ui_type="array" name="TVIN_SIG_FMT_HDMI_1280X1024" range="0~255" addr="1081" mask="" dst="U" desc="TVIN_SIG_FMT_HDMI_1280X1024" default="0 0 0 0" value="0 0 0 0" cmd="ovsc:crop"/>
<Control ui_type="array" name="TVIN_SIG_FMT_HDMI_1360_768" range="0~255" addr="1082" mask="" dst="U" desc="TVIN_SIG_FMT_HDMI_1360_768" default="0 0 0 0" value="0 0 0 0" cmd="ovsc:crop"/>
<Control ui_type="array" name="TVIN_SIG_FMT_HDMI_1366_768" range="0~255" addr="1083" mask="" dst="U" desc="TVIN_SIG_FMT_HDMI_1366_768" default="0 0 0 0" value="0 0 0 0" cmd="ovsc:crop"/>
<Control ui_type="array" name="TVIN_SIG_FMT_HDMI_1600_1200" range="0~255" addr="1084" mask="" dst="U" desc="TVIN_SIG_FMT_HDMI_1600_1200" default="0 0 0 0" value="0 0 0 0" cmd="ovsc:crop"/>
<Control ui_type="array" name="TVIN_SIG_FMT_HDMI_1920_1200" range="0~255" addr="1085" mask="" dst="U" desc="TVIN_SIG_FMT_HDMI_1920_1200" default="0 0 0 0" value="0 0 0 0" cmd="ovsc:crop"/>
<Control ui_type="array" name="TVIN_SIG_FMT_HDMI_1440_900_00HZ" range="0~255" addr="1086" mask="" dst="U" desc="TVIN_SIG_FMT_HDMI_1440_900_00HZ" default="0 0 0 0" value="0 0 0 0" cmd="ovsc:crop"/>
<Control ui_type="array" name="TVIN_SIG_FMT_HDMI_1400_1050_00HZ" range="0~255" addr="1087" mask="" dst="U" desc="TVIN_SIG_FMT_HDMI_1400_1050_00HZ" default="0 0 0 0" value="0 0 0 0" cmd="ovsc:crop"/>
<Control ui_type="array" name="TVIN_SIG_FMT_HDMI_1680_1050_00H" range="0~255" addr="1088" mask="" dst="U" desc="TVIN_SIG_FMT_HDMI_1680_1050_00H" default="0 0 0 0" value="0 0 0 0" cmd="ovsc:crop"/>
<Control ui_type="array" name="TVIN_SIG_FMT_HDMI_1920X1080I_60HZ_ALTERNATIVE" range="0~255" addr="1089" mask="" dst="U" desc="TVIN_SIG_FMT_HDMI_1920X1080I_60HZ_ALTERNATIVE" default="0 0 0 0" value="0 0 0 0" cmd="ovsc:crop"/>
<Control ui_type="array" name="TVIN_SIG_FMT_HDMI_1920X1080I_50HZ_ALTERNATIVE" range="0~255" addr="1090" mask="" dst="U" desc="TVIN_SIG_FMT_HDMI_1920X1080I_50HZ_ALTERNATIVE" default="0 0 0 0" value="0 0 0 0" cmd="ovsc:crop"/>
<Control ui_type="array" name="TVIN_SIG_FMT_HDMI_1920X1080P_24HZ_ALTERNATIVE" range="0~255" addr="1091" mask="" dst="U" desc="TVIN_SIG_FMT_HDMI_1920X1080P_24HZ_ALTERNATIVE" default="0 0 0 0" value="0 0 0 0" cmd="ovsc:crop"/>
<Control ui_type="array" name="TVIN_SIG_FMT_HDMI_1920X1080P_30HZ_ALTERNATIVE" range="0~255" addr="1092" mask="" dst="U" desc="TVIN_SIG_FMT_HDMI_1920X1080P_30HZ_ALTERNATIVE" default="0 0 0 0" value="0 0 0 0" cmd="ovsc:crop"/>
<Control ui_type="array" name="TVIN_SIG_FMT_HDMI_3840_2160_00HZ" range="0~255" addr="1093" mask="" dst="U" desc="TVIN_SIG_FMT_HDMI_3840_2160_00HZ" default="0 0 0 0" value="0 0 0 0" cmd="ovsc:crop"/>
<Control ui_type="array" name="TVIN_SIG_FMT_HDMI_4096_2160_00HZ" range="0~255" addr="1094" mask="" dst="U" desc="TVIN_SIG_FMT_HDMI_4096_2160_00HZ" default="0 0 0 0" value="0 0 0 0" cmd="ovsc:crop"/>
<Control ui_type="array" name="TVIN_SIG_FMT_HDMI_RESERVE10" range="0~255" addr="1095" mask="" dst="U" desc="TVIN_SIG_FMT_HDMI_RESERVE10" default="0 0 0 0" value="0 0 0 0" cmd="ovsc:crop"/>
<Control ui_type="array" name="TVIN_SIG_FMT_HDMI_RESERVE11" range="0~255" addr="1096" mask="" dst="U" desc="TVIN_SIG_FMT_HDMI_RESERVE11" default="0 0 0 0" value="0 0 0 0" cmd="ovsc:crop"/>
<Control ui_type="array" name="TVIN_SIG_FMT_HDMI_720x480P_60Hz_FRAME_PACKING" range="0~255" addr="1097" mask="" dst="U" desc="TVIN_SIG_FMT_HDMI_720x480P_60Hz_FRAME_PACKING" default="0 0 0 0" value="0 0 0 0" cmd="ovsc:crop"/>
<Control ui_type="array" name="TVIN_SIG_FMT_HDMI_720x576P_50Hz_FRAME_PACKING" range="0~255" addr="1098" mask="" dst="U" desc="TVIN_SIG_FMT_HDMI_720x576P_50Hz_FRAME_PACKING" default="0 0 0 0" value="0 0 0 0" cmd="ovsc:crop"/>
</Page>
</Group>
<Group num="TVIN_PORT_MPEG" val="10">
<Page tab_title="vs,hs,ve,he" layout="23x4">
<Control ui_type="array" name="TVIN_SIG_FMT_HDMI_640x480P_60Hz" range="0~255" addr="1025" mask="" dst="U" desc="TVIN_SIG_FMT_HDMI_640x480P_60Hz" default="0 0 0 0" value="0 0 0 0" cmd="ovsc:crop"/>
<Control ui_type="array" name="TVIN_SIG_FMT_HDMI_720x480P_60Hz" range="0~255" addr="1026" mask="" dst="U" desc="TVIN_SIG_FMT_HDMI_720x480P_60Hz" default="10 16 10 16" value="10 14 10 14" cmd="ovsc:crop"/>
<Control ui_type="array" name="TVIN_SIG_FMT_HDMI_1280x720P_60Hz" range="0~255" addr="1027" mask="" dst="U" desc="TVIN_SIG_FMT_HDMI_1280x720P_60Hz" default="16 29 16 29" value="14 25 14 25" cmd="ovsc:crop"/>
<Control ui_type="array" name="TVIN_SIG_FMT_HDMI_1920x1080I_60Hz" range="0~255" addr="1028" mask="" dst="U" desc="TVIN_SIG_FMT_HDMI_1920x1080I_60Hz" default="24 40 24 40" value="22 42 22 42" cmd="ovsc:crop"/>
<Control ui_type="array" name="TVIN_SIG_FMT_HDMI_1440x480I_60Hz" range="0~255" addr="1029" mask="" dst="U" desc="TVIN_SIG_FMT_HDMI_1440x480I_60Hz" default="7 20 5 20" value="10 14 10 14" cmd="ovsc:crop"/>
<Control ui_type="array" name="TVIN_SIG_FMT_HDMI_1440x240P_60Hz" range="0~255" addr="1030" mask="" dst="U" desc="TVIN_SIG_FMT_HDMI_1440x240P_60Hz" default="10 56 10 56" value="10 14 10 14" cmd="ovsc:crop"/>
<Control ui_type="array" name="TVIN_SIG_FMT_HDMI_2880x480I_60Hz" range="0~255" addr="1031" mask="" dst="U" desc="TVIN_SIG_FMT_HDMI_2880x480I_60Hz" default="10 112 10 112" value="10 14 10 14" cmd="ovsc:crop"/>
<Control ui_type="array" name="TVIN_SIG_FMT_HDMI_2880x240P_60Hz" range="0~255" addr="1032" mask="" dst="U" desc="TVIN_SIG_FMT_HDMI_2880x240P_60Hz" default="10 112 10 112" value="10 14 10 14" cmd="ovsc:crop"/>
<Control ui_type="array" name="TVIN_SIG_FMT_HDMI_1440x480P_60Hz" range="0~255" addr="1033" mask="" dst="U" desc="TVIN_SIG_FMT_HDMI_1440x480P_60Hz" default="5 15 7 15" value="10 14 10 14" cmd="ovsc:crop"/>
<Control ui_type="array" name="TVIN_SIG_FMT_HDMI_1920x1080P_60Hz" range="0~255" addr="1034" mask="" dst="U" desc="TVIN_SIG_FMT_HDMI_1920x1080P_60Hz" default="0 0 0 0" value="22 42 22 42" cmd="ovsc:crop"/>
<Control ui_type="array" name="TVIN_SIG_FMT_HDMI_720x576P_50Hz" range="0~255" addr="1035" mask="" dst="U" desc="TVIN_SIG_FMT_HDMI_720x576P_50Hz" default="8 20 8 20" value="16 22 16 22" cmd="ovsc:crop"/>
<Control ui_type="array" name="TVIN_SIG_FMT_HDMI_1280x720P_50Hz" range="0~255" addr="1036" mask="" dst="U" desc="TVIN_SIG_FMT_HDMI_1280x720P_50Hz" default="16 30 16 30" value="18 32 18 32" cmd="ovsc:crop"/>
<Control ui_type="array" name="TVIN_SIG_FMT_HDMI_1920x1080I_50Hz_A" range="0~255" addr="1037" mask="" dst="U" desc="TVIN_SIG_FMT_HDMI_1920x1080I_50Hz_A" default="20 42 24 42" value="22 42 22 42" cmd="ovsc:crop"/>
<Control ui_type="array" name="TVIN_SIG_FMT_HDMI_1440x576I_50Hz" range="0~255" addr="1038" mask="" dst="U" desc="TVIN_SIG_FMT_HDMI_1440x576I_50Hz" default="10 16 10 16" value="17 23 17 23" cmd="ovsc:crop"/>
<Control ui_type="array" name="TVIN_SIG_FMT_HDMI_1440x288P_50Hz" range="0~255" addr="1039" mask="" dst="U" desc="TVIN_SIG_FMT_HDMI_1440x288P_50Hz" default="12 56 12 56" value="17 23 17 23" cmd="ovsc:crop"/>
<Control ui_type="array" name="TVIN_SIG_FMT_HDMI_2880x576I_50Hz" range="0~255" addr="1040" mask="" dst="U" desc="TVIN_SIG_FMT_HDMI_2880x576I_50Hz" default="12 112 12 112" value="18 22 18 22" cmd="ovsc:crop"/>
<Control ui_type="array" name="TVIN_SIG_FMT_HDMI_2880x288P_50Hz" range="0~255" addr="1041" mask="" dst="U" desc="TVIN_SIG_FMT_HDMI_2880x288P_50Hz" default="12 112 12 112" value="18 22 18 22" cmd="ovsc:crop"/>
<Control ui_type="array" name="TVIN_SIG_FMT_HDMI_1440x576P_50Hz" range="0~255" addr="1042" mask="" dst="U" desc="TVIN_SIG_FMT_HDMI_1440x576P_50Hz" default="8 14 10 14" value="17 23 17 23" cmd="ovsc:crop"/>
<Control ui_type="array" name="TVIN_SIG_FMT_HDMI_1920x1080P_50Hz" range="0~255" addr="1043" mask="" dst="U" desc="TVIN_SIG_FMT_HDMI_1920x1080P_50Hz" default="20 40 18 40" value="22 42 22 42" cmd="ovsc:crop"/>
<Control ui_type="array" name="TVIN_SIG_FMT_HDMI_1920x1080P_24Hz" range="0~255" addr="1044" mask="" dst="U" desc="TVIN_SIG_FMT_HDMI_1920x1080P_24Hz" default="0 0 0 0" value="22 42 22 42" cmd="ovsc:crop"/>
<Control ui_type="array" name="TVIN_SIG_FMT_HDMI_1920x1080P_25Hz" range="0~255" addr="1045" mask="" dst="U" desc="TVIN_SIG_FMT_HDMI_1920x1080P_25Hz" default="0 0 0 0" value="22 42 22 42" cmd="ovsc:crop"/>
<Control ui_type="array" name="TVIN_SIG_FMT_HDMI_1920x1080P_30Hz" range="0~255" addr="1046" mask="" dst="U" desc="TVIN_SIG_FMT_HDMI_1920x1080P_30Hz" default="0 0 0 0" value="22 42 22 42" cmd="ovsc:crop"/>
<Control ui_type="array" name="TVIN_SIG_FMT_HDMI_2880x480P_60Hz" range="0~255" addr="1047" mask="" dst="U" desc="TVIN_SIG_FMT_HDMI_2880x480P_60Hz" default="18 112 18 112" value="10 14 10 14" cmd="ovsc:crop"/>
<Control ui_type="array" name="TVIN_SIG_FMT_HDMI_2880x576P_60Hz" range="0~255" addr="1048" mask="" dst="U" desc="TVIN_SIG_FMT_HDMI_2880x576P_60Hz" default="22 112 22 112" value="18 22 18 22" cmd="ovsc:crop"/>
<Control ui_type="array" name="TVIN_SIG_FMT_HDMI_1920x1080I_50Hz_B" range="0~255" addr="1049" mask="" dst="U" desc="TVIN_SIG_FMT_HDMI_1920x1080I_50Hz_B" default="20 40 22 40" value="22 42 22 42" cmd="ovsc:crop"/>
<Control ui_type="array" name="TVIN_SIG_FMT_HDMI_1920x1080I_100Hz" range="0~255" addr="1050" mask="" dst="U" desc="TVIN_SIG_FMT_HDMI_1920x1080I_100Hz" default="8 36 8 36" value="22 42 22 42" cmd="ovsc:crop"/>
<Control ui_type="array" name="TVIN_SIG_FMT_HDMI_1280x720P_100Hz" range="0~255" addr="1051" mask="" dst="U" desc="TVIN_SIG_FMT_HDMI_1280x720P_100Hz" default="14 30 14 30" value="14 25 14 25" cmd="ovsc:crop"/>
<Control ui_type="array" name="TVIN_SIG_FMT_HDMI_720x576P_100Hz" range="0~255" addr="1052" mask="" dst="U" desc="TVIN_SIG_FMT_HDMI_720x576P_100Hz" default="6 18 6 18" value="16 22 16 22" cmd="ovsc:crop"/>
<Control ui_type="array" name="TVIN_SIG_FMT_HDMI_1440x576I_100Hz" range="0~255" addr="1053" mask="" dst="U" desc="TVIN_SIG_FMT_HDMI_1440x576I_100Hz" default="3 35 5 41" value="17 23 17 23" cmd="ovsc:crop"/>
<Control ui_type="array" name="TVIN_SIG_FMT_HDMI_1920x1080I_120Hz" range="0~255" addr="1054" mask="" dst="U" desc="TVIN_SIG_FMT_HDMI_1920x1080I_120Hz" default="8 36 8 36" value="22 42 22 42" cmd="ovsc:crop"/>
<Control ui_type="array" name="TVIN_SIG_FMT_HDMI_1280x720P_120Hz" range="0~255" addr="1055" mask="" dst="U" desc="TVIN_SIG_FMT_HDMI_1280x720P_120Hz" default="14 30 14 30" value="14 25 14 25" cmd="ovsc:crop"/>
<Control ui_type="array" name="TVIN_SIG_FMT_HDMI_720x480P_120Hz" range="0~255" addr="1056" mask="" dst="U" desc="TVIN_SIG_FMT_HDMI_720x480P_120Hz" default="5 19 5 19" value="10 14 10 14" cmd="ovsc:crop"/>
<Control ui_type="array" name="TVIN_SIG_FMT_HDMI_1440x480I_120Hz" range="0~255" addr="1057" mask="" dst="U" desc="TVIN_SIG_FMT_HDMI_1440x480I_120Hz" default="2 31 3 47" value="10 14 10 14" cmd="ovsc:crop"/>
<Control ui_type="array" name="TVIN_SIG_FMT_HDMI_720x576P_200Hz" range="0~255" addr="1058" mask="" dst="U" desc="TVIN_SIG_FMT_HDMI_720x576P_200Hz" default="6 18 6 18" value="16 22 16 22" cmd="ovsc:crop"/>
<Control ui_type="array" name="TVIN_SIG_FMT_HDMI_1440x576I_200Hz" range="0~255" addr="1059" mask="" dst="U" desc="TVIN_SIG_FMT_HDMI_1440x576I_200Hz" default="3 35 5 41" value="17 23 17 23" cmd="ovsc:crop"/>
<Control ui_type="array" name="TVIN_SIG_FMT_HDMI_720x480P_240Hz" range="0~255" addr="1060" mask="" dst="U" desc="TVIN_SIG_FMT_HDMI_720x480P_240Hz" default="5 19 5 19" value="10 14 10 14" cmd="ovsc:crop"/>
<Control ui_type="array" name="TVIN_SIG_FMT_HDMI_1440x480I_240Hz" range="0~255" addr="1061" mask="" dst="U" desc="TVIN_SIG_FMT_HDMI_1440x480I_240Hz" default="2 31 3 47" value="10 14 10 14" cmd="ovsc:crop"/>
<Control ui_type="array" name="TVIN_SIG_FMT_HDMI_1280x720P_24Hz" range="0~255" addr="1062" mask="" dst="U" desc="TVIN_SIG_FMT_HDMI_1280x720P_24Hz" default="14 30 14 30" value="14 25 14 25" cmd="ovsc:crop"/>
<Control ui_type="array" name="TVIN_SIG_FMT_HDMI_1280x720P_25Hz" range="0~255" addr="1063" mask="" dst="U" desc="TVIN_SIG_FMT_HDMI_1280x720P_25Hz" default="14 30 14 30" value="14 25 14 25" cmd="ovsc:crop"/>
<Control ui_type="array" name="TVIN_SIG_FMT_HDMI_1280x720P_30Hz" range="0~255" addr="1064" mask="" dst="U" desc="TVIN_SIG_FMT_HDMI_1280x720P_30Hz" default="14 30 14 30" value="14 25 14 25" cmd="ovsc:crop"/>
<Control ui_type="array" name="TVIN_SIG_FMT_HDMI_1920x1080P_120Hz" range="0~255" addr="1065" mask="" dst="U" desc="TVIN_SIG_FMT_HDMI_1920x1080P_120Hz" default="18 36 18 36" value="22 42 22 42" cmd="ovsc:crop"/>
<Control ui_type="array" name="TVIN_SIG_FMT_HDMI_1920x1080P_100Hz" range="0~255" addr="1066" mask="" dst="U" desc="TVIN_SIG_FMT_HDMI_1920x1080P_100Hz" default="18 36 18 36" value="22 42 22 42" cmd="ovsc:crop"/>
<Control ui_type="array" name="TVIN_SIG_FMT_HDMI_1280x720P_60Hz_FRAME_PACKING" range="0~255" addr="1067" mask="" dst="U" desc="TVIN_SIG_FMT_HDMI_1280x720P_60Hz_FRAME_PACKING" default="0 0 0 0" value="0 0 0 0" cmd="ovsc:crop"/>
<Control ui_type="array" name="TVIN_SIG_FMT_HDMI_1280x720P_50Hz_FRAME_PACKING" range="0~255" addr="1068" mask="" dst="U" desc="TVIN_SIG_FMT_HDMI_1280x720P_50Hz_FRAME_PACKING" default="0 0 0 0" value="0 0 0 0" cmd="ovsc:crop"/>
<Control ui_type="array" name="TVIN_SIG_FMT_HDMI_1280x720P_24Hz_FRAME_PACKING" range="0~255" addr="1069" mask="" dst="U" desc="TVIN_SIG_FMT_HDMI_1280x720P_24Hz_FRAME_PACKING" default="0 0 0 0" value="0 0 0 0" cmd="ovsc:crop"/>
<Control ui_type="array" name="TVIN_SIG_FMT_HDMI_1280x720P_30Hz_FRAME_PACKING" range="0~255" addr="1070" mask="" dst="U" desc="TVIN_SIG_FMT_HDMI_1280x720P_30Hz_FRAME_PACKING" default="0 0 0 0" value="0 0 0 0" cmd="ovsc:crop"/>
<Control ui_type="array" name="TVIN_SIG_FMT_HDMI_1920x1080I_60Hz_FRAME_PACKING" range="0~255" addr="1071" mask="" dst="U" desc="TVIN_SIG_FMT_HDMI_1920x1080I_60Hz_FRAME_PACKING" default="0 0 0 0" value="0 0 0 0" cmd="ovsc:crop"/>
<Control ui_type="array" name="TVIN_SIG_FMT_HDMI_1920x1080I_50Hz_FRAME_PACKING" range="0~255" addr="1072" mask="" dst="U" desc="TVIN_SIG_FMT_HDMI_1920x1080I_50Hz_FRAME_PACKING" default="0 0 0 0" value="0 0 0 0" cmd="ovsc:crop"/>
<Control ui_type="array" name="TVIN_SIG_FMT_HDMI_1920x1080P_24Hz_FRAME_PACKING" range="0~255" addr="1073" mask="" dst="U" desc="TVIN_SIG_FMT_HDMI_1920x1080P_24Hz_FRAME_PACKING" default="0 0 0 0" value="0 0 0 0" cmd="ovsc:crop"/>
<Control ui_type="array" name="TVIN_SIG_FMT_HDMI_1920x1080P_30Hz_FRAME_PACKING" range="0~255" addr="1074" mask="" dst="U" desc="TVIN_SIG_FMT_HDMI_1920x1080P_30Hz_FRAME_PACKING" default="0 0 0 0" value="0 0 0 0" cmd="ovsc:crop"/>
<Control ui_type="array" name="TVIN_SIG_FMT_HDMI_800x600" range="0~255" addr="1075" mask="" dst="U" desc="TVIN_SIG_FMT_HDMI_800x600" default="0 0 0 0" value="0 0 0 0" cmd="ovsc:crop"/>
<Control ui_type="array" name="TVIN_SIG_FMT_HDMI_1024X768" range="0~255" addr="1076" mask="" dst="U" desc="TVIN_SIG_FMT_HDMI_1024X768" default="0 0 0 0" value="0 0 0 0" cmd="ovsc:crop"/>
<Control ui_type="array" name="TVIN_SIG_FMT_HDMI_720_400" range="0~255" addr="1077" mask="" dst="U" desc="TVIN_SIG_FMT_HDMI_720_400" default="0 0 0 0" value="0 0 0 0" cmd="ovsc:crop"/>
<Control ui_type="array" name="TVIN_SIG_FMT_HDMI_1280_768" range="0~255" addr="1078" mask="" dst="U" desc="TVIN_SIG_FMT_HDMI_1280_768" default="0 0 0 0" value="0 0 0 0" cmd="ovsc:crop"/>
<Control ui_type="array" name="TVIN_SIG_FMT_HDMI_1280_800" range="0~255" addr="1079" mask="" dst="U" desc="TVIN_SIG_FMT_HDMI_1280_800" default="0 0 0 0" value="0 0 0 0" cmd="ovsc:crop"/>
<Control ui_type="array" name="TVIN_SIG_FMT_HDMI_1280_960" range="0~255" addr="1080" mask="" dst="U" desc="TVIN_SIG_FMT_HDMI_1280_960" default="0 0 0 0" value="0 0 0 0" cmd="ovsc:crop"/>
<Control ui_type="array" name="TVIN_SIG_FMT_HDMI_1280X1024" range="0~255" addr="1081" mask="" dst="U" desc="TVIN_SIG_FMT_HDMI_1280X1024" default="0 0 0 0" value="0 0 0 0" cmd="ovsc:crop"/>
<Control ui_type="array" name="TVIN_SIG_FMT_HDMI_1360_768" range="0~255" addr="1082" mask="" dst="U" desc="TVIN_SIG_FMT_HDMI_1360_768" default="0 0 0 0" value="0 0 0 0" cmd="ovsc:crop"/>
<Control ui_type="array" name="TVIN_SIG_FMT_HDMI_1366_768" range="0~255" addr="1083" mask="" dst="U" desc="TVIN_SIG_FMT_HDMI_1366_768" default="0 0 0 0" value="0 0 0 0" cmd="ovsc:crop"/>
<Control ui_type="array" name="TVIN_SIG_FMT_HDMI_1600_1200" range="0~255" addr="1084" mask="" dst="U" desc="TVIN_SIG_FMT_HDMI_1600_1200" default="0 0 0 0" value="0 0 0 0" cmd="ovsc:crop"/>
<Control ui_type="array" name="TVIN_SIG_FMT_HDMI_1920_1200" range="0~255" addr="1085" mask="" dst="U" desc="TVIN_SIG_FMT_HDMI_1920_1200" default="0 0 0 0" value="0 0 0 0" cmd="ovsc:crop"/>
<Control ui_type="array" name="TVIN_SIG_FMT_HDMI_1440_900_00HZ" range="0~255" addr="1086" mask="" dst="U" desc="TVIN_SIG_FMT_HDMI_1440_900_00HZ" default="0 0 0 0" value="0 0 0 0" cmd="ovsc:crop"/>
<Control ui_type="array" name="TVIN_SIG_FMT_HDMI_1400_1050_00HZ" range="0~255" addr="1087" mask="" dst="U" desc="TVIN_SIG_FMT_HDMI_1400_1050_00HZ" default="0 0 0 0" value="0 0 0 0" cmd="ovsc:crop"/>
<Control ui_type="array" name="TVIN_SIG_FMT_HDMI_1680_1050_00H" range="0~255" addr="1088" mask="" dst="U" desc="TVIN_SIG_FMT_HDMI_1680_1050_00H" default="0 0 0 0" value="0 0 0 0" cmd="ovsc:crop"/>
<Control ui_type="array" name="TVIN_SIG_FMT_HDMI_1920X1080I_60HZ_ALTERNATIVE" range="0~255" addr="1089" mask="" dst="U" desc="TVIN_SIG_FMT_HDMI_1920X1080I_60HZ_ALTERNATIVE" default="0 0 0 0" value="0 0 0 0" cmd="ovsc:crop"/>
<Control ui_type="array" name="TVIN_SIG_FMT_HDMI_1920X1080I_50HZ_ALTERNATIVE" range="0~255" addr="1090" mask="" dst="U" desc="TVIN_SIG_FMT_HDMI_1920X1080I_50HZ_ALTERNATIVE" default="0 0 0 0" value="0 0 0 0" cmd="ovsc:crop"/>
<Control ui_type="array" name="TVIN_SIG_FMT_HDMI_1920X1080P_24HZ_ALTERNATIVE" range="0~255" addr="1091" mask="" dst="U" desc="TVIN_SIG_FMT_HDMI_1920X1080P_24HZ_ALTERNATIVE" default="0 0 0 0" value="0 0 0 0" cmd="ovsc:crop"/>
<Control ui_type="array" name="TVIN_SIG_FMT_HDMI_1920X1080P_30HZ_ALTERNATIVE" range="0~255" addr="1092" mask="" dst="U" desc="TVIN_SIG_FMT_HDMI_1920X1080P_30HZ_ALTERNATIVE" default="0 0 0 0" value="0 0 0 0" cmd="ovsc:crop"/>
<Control ui_type="array" name="TVIN_SIG_FMT_HDMI_3840_2160_00HZ" range="0~255" addr="1093" mask="" dst="U" desc="TVIN_SIG_FMT_HDMI_3840_2160_00HZ" default="0 0 0 0" value="0 0 0 0" cmd="ovsc:crop"/>
<Control ui_type="array" name="TVIN_SIG_FMT_HDMI_4096_2160_00HZ" range="0~255" addr="1094" mask="" dst="U" desc="TVIN_SIG_FMT_HDMI_4096_2160_00HZ" default="0 0 0 0" value="0 0 0 0" cmd="ovsc:crop"/>
<Control ui_type="array" name="TVIN_SIG_FMT_HDMI_RESERVE10" range="0~255" addr="1095" mask="" dst="U" desc="TVIN_SIG_FMT_HDMI_RESERVE10" default="0 0 0 0" value="0 0 0 0" cmd="ovsc:crop"/>
<Control ui_type="array" name="TVIN_SIG_FMT_HDMI_RESERVE11" range="0~255" addr="1096" mask="" dst="U" desc="TVIN_SIG_FMT_HDMI_RESERVE11" default="0 0 0 0" value="0 0 0 0" cmd="ovsc:crop"/>
<Control ui_type="array" name="TVIN_SIG_FMT_HDMI_720x480P_60Hz_FRAME_PACKING" range="0~255" addr="1097" mask="" dst="U" desc="TVIN_SIG_FMT_HDMI_720x480P_60Hz_FRAME_PACKING" default="0 0 0 0" value="0 0 0 0" cmd="ovsc:crop"/>
<Control ui_type="array" name="TVIN_SIG_FMT_HDMI_720x576P_50Hz_FRAME_PACKING" range="0~255" addr="1098" mask="" dst="U" desc="TVIN_SIG_FMT_HDMI_720x576P_50Hz_FRAME_PACKING" default="0 0 0 0" value="0 0 0 0" cmd="ovsc:crop"/>
</Page>
</Group>
<Group num="TVIN_PORT_DTV" val="11">
<Page tab_title="vs,hs,ve,he" layout="23x4">
<Control ui_type="array" name="TVIN_SIG_FMT_HDMI_640x480P_60Hz" range="0~255" addr="1025" mask="" dst="U" desc="TVIN_SIG_FMT_HDMI_640x480P_60Hz" default="0 0 0 0" value="0 0 0 0" cmd="ovsc:crop"/>
<Control ui_type="array" name="TVIN_SIG_FMT_HDMI_720x480P_60Hz" range="0~255" addr="1026" mask="" dst="U" desc="TVIN_SIG_FMT_HDMI_720x480P_60Hz" default="10 16 10 16" value="10 14 10 14" cmd="ovsc:crop"/>
<Control ui_type="array" name="TVIN_SIG_FMT_HDMI_1280x720P_60Hz" range="0~255" addr="1027" mask="" dst="U" desc="TVIN_SIG_FMT_HDMI_1280x720P_60Hz" default="16 29 16 29" value="14 25 14 25" cmd="ovsc:crop"/>
<Control ui_type="array" name="TVIN_SIG_FMT_HDMI_1920x1080I_60Hz" range="0~255" addr="1028" mask="" dst="U" desc="TVIN_SIG_FMT_HDMI_1920x1080I_60Hz" default="24 40 24 40" value="22 42 22 42" cmd="ovsc:crop"/>
<Control ui_type="array" name="TVIN_SIG_FMT_HDMI_1440x480I_60Hz" range="0~255" addr="1029" mask="" dst="U" desc="TVIN_SIG_FMT_HDMI_1440x480I_60Hz" default="7 20 5 20" value="10 14 10 14" cmd="ovsc:crop"/>
<Control ui_type="array" name="TVIN_SIG_FMT_HDMI_1440x240P_60Hz" range="0~255" addr="1030" mask="" dst="U" desc="TVIN_SIG_FMT_HDMI_1440x240P_60Hz" default="10 56 10 56" value="10 14 10 14" cmd="ovsc:crop"/>
<Control ui_type="array" name="TVIN_SIG_FMT_HDMI_2880x480I_60Hz" range="0~255" addr="1031" mask="" dst="U" desc="TVIN_SIG_FMT_HDMI_2880x480I_60Hz" default="10 112 10 112" value="10 14 10 14" cmd="ovsc:crop"/>
<Control ui_type="array" name="TVIN_SIG_FMT_HDMI_2880x240P_60Hz" range="0~255" addr="1032" mask="" dst="U" desc="TVIN_SIG_FMT_HDMI_2880x240P_60Hz" default="10 112 10 112" value="10 14 10 14" cmd="ovsc:crop"/>
<Control ui_type="array" name="TVIN_SIG_FMT_HDMI_1440x480P_60Hz" range="0~255" addr="1033" mask="" dst="U" desc="TVIN_SIG_FMT_HDMI_1440x480P_60Hz" default="5 15 7 15" value="10 14 10 14" cmd="ovsc:crop"/>
<Control ui_type="array" name="TVIN_SIG_FMT_HDMI_1920x1080P_60Hz" range="0~255" addr="1034" mask="" dst="U" desc="TVIN_SIG_FMT_HDMI_1920x1080P_60Hz" default="0 0 0 0" value="22 42 22 42" cmd="ovsc:crop"/>
<Control ui_type="array" name="TVIN_SIG_FMT_HDMI_720x576P_50Hz" range="0~255" addr="1035" mask="" dst="U" desc="TVIN_SIG_FMT_HDMI_720x576P_50Hz" default="8 20 8 20" value="16 22 16 22" cmd="ovsc:crop"/>
<Control ui_type="array" name="TVIN_SIG_FMT_HDMI_1280x720P_50Hz" range="0~255" addr="1036" mask="" dst="U" desc="TVIN_SIG_FMT_HDMI_1280x720P_50Hz" default="16 30 16 30" value="18 32 18 32" cmd="ovsc:crop"/>
<Control ui_type="array" name="TVIN_SIG_FMT_HDMI_1920x1080I_50Hz_A" range="0~255" addr="1037" mask="" dst="U" desc="TVIN_SIG_FMT_HDMI_1920x1080I_50Hz_A" default="20 42 24 42" value="22 42 22 42" cmd="ovsc:crop"/>
<Control ui_type="array" name="TVIN_SIG_FMT_HDMI_1440x576I_50Hz" range="0~255" addr="1038" mask="" dst="U" desc="TVIN_SIG_FMT_HDMI_1440x576I_50Hz" default="10 16 10 16" value="17 23 17 23" cmd="ovsc:crop"/>
<Control ui_type="array" name="TVIN_SIG_FMT_HDMI_1440x288P_50Hz" range="0~255" addr="1039" mask="" dst="U" desc="TVIN_SIG_FMT_HDMI_1440x288P_50Hz" default="12 56 12 56" value="17 23 17 23" cmd="ovsc:crop"/>
<Control ui_type="array" name="TVIN_SIG_FMT_HDMI_2880x576I_50Hz" range="0~255" addr="1040" mask="" dst="U" desc="TVIN_SIG_FMT_HDMI_2880x576I_50Hz" default="12 112 12 112" value="18 22 18 22" cmd="ovsc:crop"/>
<Control ui_type="array" name="TVIN_SIG_FMT_HDMI_2880x288P_50Hz" range="0~255" addr="1041" mask="" dst="U" desc="TVIN_SIG_FMT_HDMI_2880x288P_50Hz" default="12 112 12 112" value="18 22 18 22" cmd="ovsc:crop"/>
<Control ui_type="array" name="TVIN_SIG_FMT_HDMI_1440x576P_50Hz" range="0~255" addr="1042" mask="" dst="U" desc="TVIN_SIG_FMT_HDMI_1440x576P_50Hz" default="8 14 10 14" value="17 23 17 23" cmd="ovsc:crop"/>
<Control ui_type="array" name="TVIN_SIG_FMT_HDMI_1920x1080P_50Hz" range="0~255" addr="1043" mask="" dst="U" desc="TVIN_SIG_FMT_HDMI_1920x1080P_50Hz" default="20 40 18 40" value="22 42 22 42" cmd="ovsc:crop"/>
<Control ui_type="array" name="TVIN_SIG_FMT_HDMI_1920x1080P_24Hz" range="0~255" addr="1044" mask="" dst="U" desc="TVIN_SIG_FMT_HDMI_1920x1080P_24Hz" default="0 0 0 0" value="22 42 22 42" cmd="ovsc:crop"/>
<Control ui_type="array" name="TVIN_SIG_FMT_HDMI_1920x1080P_25Hz" range="0~255" addr="1045" mask="" dst="U" desc="TVIN_SIG_FMT_HDMI_1920x1080P_25Hz" default="0 0 0 0" value="22 42 22 42" cmd="ovsc:crop"/>
<Control ui_type="array" name="TVIN_SIG_FMT_HDMI_1920x1080P_30Hz" range="0~255" addr="1046" mask="" dst="U" desc="TVIN_SIG_FMT_HDMI_1920x1080P_30Hz" default="0 0 0 0" value="22 42 22 42" cmd="ovsc:crop"/>
<Control ui_type="array" name="TVIN_SIG_FMT_HDMI_2880x480P_60Hz" range="0~255" addr="1047" mask="" dst="U" desc="TVIN_SIG_FMT_HDMI_2880x480P_60Hz" default="18 112 18 112" value="10 14 10 14" cmd="ovsc:crop"/>
<Control ui_type="array" name="TVIN_SIG_FMT_HDMI_2880x576P_60Hz" range="0~255" addr="1048" mask="" dst="U" desc="TVIN_SIG_FMT_HDMI_2880x576P_60Hz" default="22 112 22 112" value="18 22 18 22" cmd="ovsc:crop"/>
<Control ui_type="array" name="TVIN_SIG_FMT_HDMI_1920x1080I_50Hz_B" range="0~255" addr="1049" mask="" dst="U" desc="TVIN_SIG_FMT_HDMI_1920x1080I_50Hz_B" default="20 40 22 40" value="22 42 22 42" cmd="ovsc:crop"/>
<Control ui_type="array" name="TVIN_SIG_FMT_HDMI_1920x1080I_100Hz" range="0~255" addr="1050" mask="" dst="U" desc="TVIN_SIG_FMT_HDMI_1920x1080I_100Hz" default="8 36 8 36" value="22 42 22 42" cmd="ovsc:crop"/>
<Control ui_type="array" name="TVIN_SIG_FMT_HDMI_1280x720P_100Hz" range="0~255" addr="1051" mask="" dst="U" desc="TVIN_SIG_FMT_HDMI_1280x720P_100Hz" default="14 30 14 30" value="14 25 14 25" cmd="ovsc:crop"/>
<Control ui_type="array" name="TVIN_SIG_FMT_HDMI_720x576P_100Hz" range="0~255" addr="1052" mask="" dst="U" desc="TVIN_SIG_FMT_HDMI_720x576P_100Hz" default="6 18 6 18" value="16 22 16 22" cmd="ovsc:crop"/>
<Control ui_type="array" name="TVIN_SIG_FMT_HDMI_1440x576I_100Hz" range="0~255" addr="1053" mask="" dst="U" desc="TVIN_SIG_FMT_HDMI_1440x576I_100Hz" default="3 35 5 41" value="17 23 17 23" cmd="ovsc:crop"/>
<Control ui_type="array" name="TVIN_SIG_FMT_HDMI_1920x1080I_120Hz" range="0~255" addr="1054" mask="" dst="U" desc="TVIN_SIG_FMT_HDMI_1920x1080I_120Hz" default="8 36 8 36" value="22 42 22 42" cmd="ovsc:crop"/>
<Control ui_type="array" name="TVIN_SIG_FMT_HDMI_1280x720P_120Hz" range="0~255" addr="1055" mask="" dst="U" desc="TVIN_SIG_FMT_HDMI_1280x720P_120Hz" default="14 30 14 30" value="14 25 14 25" cmd="ovsc:crop"/>
<Control ui_type="array" name="TVIN_SIG_FMT_HDMI_720x480P_120Hz" range="0~255" addr="1056" mask="" dst="U" desc="TVIN_SIG_FMT_HDMI_720x480P_120Hz" default="5 19 5 19" value="10 14 10 14" cmd="ovsc:crop"/>
<Control ui_type="array" name="TVIN_SIG_FMT_HDMI_1440x480I_120Hz" range="0~255" addr="1057" mask="" dst="U" desc="TVIN_SIG_FMT_HDMI_1440x480I_120Hz" default="2 31 3 47" value="10 14 10 14" cmd="ovsc:crop"/>
<Control ui_type="array" name="TVIN_SIG_FMT_HDMI_720x576P_200Hz" range="0~255" addr="1058" mask="" dst="U" desc="TVIN_SIG_FMT_HDMI_720x576P_200Hz" default="6 18 6 18" value="16 22 16 22" cmd="ovsc:crop"/>
<Control ui_type="array" name="TVIN_SIG_FMT_HDMI_1440x576I_200Hz" range="0~255" addr="1059" mask="" dst="U" desc="TVIN_SIG_FMT_HDMI_1440x576I_200Hz" default="3 35 5 41" value="17 23 17 23" cmd="ovsc:crop"/>
<Control ui_type="array" name="TVIN_SIG_FMT_HDMI_720x480P_240Hz" range="0~255" addr="1060" mask="" dst="U" desc="TVIN_SIG_FMT_HDMI_720x480P_240Hz" default="5 19 5 19" value="10 14 10 14" cmd="ovsc:crop"/>
<Control ui_type="array" name="TVIN_SIG_FMT_HDMI_1440x480I_240Hz" range="0~255" addr="1061" mask="" dst="U" desc="TVIN_SIG_FMT_HDMI_1440x480I_240Hz" default="2 31 3 47" value="10 14 10 14" cmd="ovsc:crop"/>
<Control ui_type="array" name="TVIN_SIG_FMT_HDMI_1280x720P_24Hz" range="0~255" addr="1062" mask="" dst="U" desc="TVIN_SIG_FMT_HDMI_1280x720P_24Hz" default="14 30 14 30" value="14 25 14 25" cmd="ovsc:crop"/>
<Control ui_type="array" name="TVIN_SIG_FMT_HDMI_1280x720P_25Hz" range="0~255" addr="1063" mask="" dst="U" desc="TVIN_SIG_FMT_HDMI_1280x720P_25Hz" default="14 30 14 30" value="14 25 14 25" cmd="ovsc:crop"/>
<Control ui_type="array" name="TVIN_SIG_FMT_HDMI_1280x720P_30Hz" range="0~255" addr="1064" mask="" dst="U" desc="TVIN_SIG_FMT_HDMI_1280x720P_30Hz" default="14 30 14 30" value="14 25 14 25" cmd="ovsc:crop"/>
<Control ui_type="array" name="TVIN_SIG_FMT_HDMI_1920x1080P_120Hz" range="0~255" addr="1065" mask="" dst="U" desc="TVIN_SIG_FMT_HDMI_1920x1080P_120Hz" default="18 36 18 36" value="22 42 22 42" cmd="ovsc:crop"/>
<Control ui_type="array" name="TVIN_SIG_FMT_HDMI_1920x1080P_100Hz" range="0~255" addr="1066" mask="" dst="U" desc="TVIN_SIG_FMT_HDMI_1920x1080P_100Hz" default="18 36 18 36" value="22 42 22 42" cmd="ovsc:crop"/>
<Control ui_type="array" name="TVIN_SIG_FMT_HDMI_1280x720P_60Hz_FRAME_PACKING" range="0~255" addr="1067" mask="" dst="U" desc="TVIN_SIG_FMT_HDMI_1280x720P_60Hz_FRAME_PACKING" default="0 0 0 0" value="0 0 0 0" cmd="ovsc:crop"/>
<Control ui_type="array" name="TVIN_SIG_FMT_HDMI_1280x720P_50Hz_FRAME_PACKING" range="0~255" addr="1068" mask="" dst="U" desc="TVIN_SIG_FMT_HDMI_1280x720P_50Hz_FRAME_PACKING" default="0 0 0 0" value="0 0 0 0" cmd="ovsc:crop"/>
<Control ui_type="array" name="TVIN_SIG_FMT_HDMI_1280x720P_24Hz_FRAME_PACKING" range="0~255" addr="1069" mask="" dst="U" desc="TVIN_SIG_FMT_HDMI_1280x720P_24Hz_FRAME_PACKING" default="0 0 0 0" value="0 0 0 0" cmd="ovsc:crop"/>
<Control ui_type="array" name="TVIN_SIG_FMT_HDMI_1280x720P_30Hz_FRAME_PACKING" range="0~255" addr="1070" mask="" dst="U" desc="TVIN_SIG_FMT_HDMI_1280x720P_30Hz_FRAME_PACKING" default="0 0 0 0" value="0 0 0 0" cmd="ovsc:crop"/>
<Control ui_type="array" name="TVIN_SIG_FMT_HDMI_1920x1080I_60Hz_FRAME_PACKING" range="0~255" addr="1071" mask="" dst="U" desc="TVIN_SIG_FMT_HDMI_1920x1080I_60Hz_FRAME_PACKING" default="0 0 0 0" value="0 0 0 0" cmd="ovsc:crop"/>
<Control ui_type="array" name="TVIN_SIG_FMT_HDMI_1920x1080I_50Hz_FRAME_PACKING" range="0~255" addr="1072" mask="" dst="U" desc="TVIN_SIG_FMT_HDMI_1920x1080I_50Hz_FRAME_PACKING" default="0 0 0 0" value="0 0 0 0" cmd="ovsc:crop"/>
<Control ui_type="array" name="TVIN_SIG_FMT_HDMI_1920x1080P_24Hz_FRAME_PACKING" range="0~255" addr="1073" mask="" dst="U" desc="TVIN_SIG_FMT_HDMI_1920x1080P_24Hz_FRAME_PACKING" default="0 0 0 0" value="0 0 0 0" cmd="ovsc:crop"/>
<Control ui_type="array" name="TVIN_SIG_FMT_HDMI_1920x1080P_30Hz_FRAME_PACKING" range="0~255" addr="1074" mask="" dst="U" desc="TVIN_SIG_FMT_HDMI_1920x1080P_30Hz_FRAME_PACKING" default="0 0 0 0" value="0 0 0 0" cmd="ovsc:crop"/>
<Control ui_type="array" name="TVIN_SIG_FMT_HDMI_800x600" range="0~255" addr="1075" mask="" dst="U" desc="TVIN_SIG_FMT_HDMI_800x600" default="0 0 0 0" value="0 0 0 0" cmd="ovsc:crop"/>
<Control ui_type="array" name="TVIN_SIG_FMT_HDMI_1024X768" range="0~255" addr="1076" mask="" dst="U" desc="TVIN_SIG_FMT_HDMI_1024X768" default="0 0 0 0" value="0 0 0 0" cmd="ovsc:crop"/>
<Control ui_type="array" name="TVIN_SIG_FMT_HDMI_720_400" range="0~255" addr="1077" mask="" dst="U" desc="TVIN_SIG_FMT_HDMI_720_400" default="0 0 0 0" value="0 0 0 0" cmd="ovsc:crop"/>
<Control ui_type="array" name="TVIN_SIG_FMT_HDMI_1280_768" range="0~255" addr="1078" mask="" dst="U" desc="TVIN_SIG_FMT_HDMI_1280_768" default="0 0 0 0" value="0 0 0 0" cmd="ovsc:crop"/>
<Control ui_type="array" name="TVIN_SIG_FMT_HDMI_1280_800" range="0~255" addr="1079" mask="" dst="U" desc="TVIN_SIG_FMT_HDMI_1280_800" default="0 0 0 0" value="0 0 0 0" cmd="ovsc:crop"/>
<Control ui_type="array" name="TVIN_SIG_FMT_HDMI_1280_960" range="0~255" addr="1080" mask="" dst="U" desc="TVIN_SIG_FMT_HDMI_1280_960" default="0 0 0 0" value="0 0 0 0" cmd="ovsc:crop"/>
<Control ui_type="array" name="TVIN_SIG_FMT_HDMI_1280X1024" range="0~255" addr="1081" mask="" dst="U" desc="TVIN_SIG_FMT_HDMI_1280X1024" default="0 0 0 0" value="0 0 0 0" cmd="ovsc:crop"/>
<Control ui_type="array" name="TVIN_SIG_FMT_HDMI_1360_768" range="0~255" addr="1082" mask="" dst="U" desc="TVIN_SIG_FMT_HDMI_1360_768" default="0 0 0 0" value="0 0 0 0" cmd="ovsc:crop"/>
<Control ui_type="array" name="TVIN_SIG_FMT_HDMI_1366_768" range="0~255" addr="1083" mask="" dst="U" desc="TVIN_SIG_FMT_HDMI_1366_768" default="0 0 0 0" value="0 0 0 0" cmd="ovsc:crop"/>
<Control ui_type="array" name="TVIN_SIG_FMT_HDMI_1600_1200" range="0~255" addr="1084" mask="" dst="U" desc="TVIN_SIG_FMT_HDMI_1600_1200" default="0 0 0 0" value="0 0 0 0" cmd="ovsc:crop"/>
<Control ui_type="array" name="TVIN_SIG_FMT_HDMI_1920_1200" range="0~255" addr="1085" mask="" dst="U" desc="TVIN_SIG_FMT_HDMI_1920_1200" default="0 0 0 0" value="0 0 0 0" cmd="ovsc:crop"/>
<Control ui_type="array" name="TVIN_SIG_FMT_HDMI_1440_900_00HZ" range="0~255" addr="1086" mask="" dst="U" desc="TVIN_SIG_FMT_HDMI_1440_900_00HZ" default="0 0 0 0" value="0 0 0 0" cmd="ovsc:crop"/>
<Control ui_type="array" name="TVIN_SIG_FMT_HDMI_1400_1050_00HZ" range="0~255" addr="1087" mask="" dst="U" desc="TVIN_SIG_FMT_HDMI_1400_1050_00HZ" default="0 0 0 0" value="0 0 0 0" cmd="ovsc:crop"/>
<Control ui_type="array" name="TVIN_SIG_FMT_HDMI_1680_1050_00H" range="0~255" addr="1088" mask="" dst="U" desc="TVIN_SIG_FMT_HDMI_1680_1050_00H" default="0 0 0 0" value="0 0 0 0" cmd="ovsc:crop"/>
<Control ui_type="array" name="TVIN_SIG_FMT_HDMI_1920X1080I_60HZ_ALTERNATIVE" range="0~255" addr="1089" mask="" dst="U" desc="TVIN_SIG_FMT_HDMI_1920X1080I_60HZ_ALTERNATIVE" default="0 0 0 0" value="0 0 0 0" cmd="ovsc:crop"/>
<Control ui_type="array" name="TVIN_SIG_FMT_HDMI_1920X1080I_50HZ_ALTERNATIVE" range="0~255" addr="1090" mask="" dst="U" desc="TVIN_SIG_FMT_HDMI_1920X1080I_50HZ_ALTERNATIVE" default="0 0 0 0" value="0 0 0 0" cmd="ovsc:crop"/>
<Control ui_type="array" name="TVIN_SIG_FMT_HDMI_1920X1080P_24HZ_ALTERNATIVE" range="0~255" addr="1091" mask="" dst="U" desc="TVIN_SIG_FMT_HDMI_1920X1080P_24HZ_ALTERNATIVE" default="0 0 0 0" value="0 0 0 0" cmd="ovsc:crop"/>
<Control ui_type="array" name="TVIN_SIG_FMT_HDMI_1920X1080P_30HZ_ALTERNATIVE" range="0~255" addr="1092" mask="" dst="U" desc="TVIN_SIG_FMT_HDMI_1920X1080P_30HZ_ALTERNATIVE" default="0 0 0 0" value="0 0 0 0" cmd="ovsc:crop"/>
<Control ui_type="array" name="TVIN_SIG_FMT_HDMI_3840_2160_00HZ" range="0~255" addr="1093" mask="" dst="U" desc="TVIN_SIG_FMT_HDMI_3840_2160_00HZ" default="0 0 0 0" value="0 0 0 0" cmd="ovsc:crop"/>
<Control ui_type="array" name="TVIN_SIG_FMT_HDMI_4096_2160_00HZ" range="0~255" addr="1094" mask="" dst="U" desc="TVIN_SIG_FMT_HDMI_4096_2160_00HZ" default="0 0 0 0" value="0 0 0 0" cmd="ovsc:crop"/>
<Control ui_type="array" name="TVIN_SIG_FMT_HDMI_RESERVE10" range="0~255" addr="1095" mask="" dst="U" desc="TVIN_SIG_FMT_HDMI_RESERVE10" default="0 0 0 0" value="0 0 0 0" cmd="ovsc:crop"/>
<Control ui_type="array" name="TVIN_SIG_FMT_HDMI_RESERVE11" range="0~255" addr="1096" mask="" dst="U" desc="TVIN_SIG_FMT_HDMI_RESERVE11" default="0 0 0 0" value="0 0 0 0" cmd="ovsc:crop"/>
<Control ui_type="array" name="TVIN_SIG_FMT_HDMI_720x480P_60Hz_FRAME_PACKING" range="0~255" addr="1097" mask="" dst="U" desc="TVIN_SIG_FMT_HDMI_720x480P_60Hz_FRAME_PACKING" default="0 0 0 0" value="0 0 0 0" cmd="ovsc:crop"/>
<Control ui_type="array" name="TVIN_SIG_FMT_HDMI_720x576P_50Hz_FRAME_PACKING" range="0~255" addr="1098" mask="" dst="U" desc="TVIN_SIG_FMT_HDMI_720x576P_50Hz_FRAME_PACKING" default="0 0 0 0" value="0 0 0 0" cmd="ovsc:crop"/>
</Page>
</Group>
</Form>

