<?xml version="1.0" encoding="UTF-8"?>
<Form name="Saturation_DTV" platform="txlx" commands="">
<Group num="0" val="0">
<Page tab_title="sat_hue" layout="3x3">
<Control ui_type="reg" name="sat" range="-128~128" addr="" mask="31:0" dst="S" desc="" default="0" value="-128" cmd=""/>
<Control ui_type="reg" name="hue" range="-25~25" addr="" mask="31:0" dst="S" desc="" default="0" value="-25" cmd=""/>
<Control ui_type="reg" name="MA:debug" range="-1024~1023" addr="0x1d42" mask="25:16" dst="S" desc="MA, signed value, -2 less than MA less than 2" default="256" value="0" cmd="common:2,0xff900000"/>
<Control ui_type="reg" name="MB:debug" range="-1024~1023" addr="0x1d42" mask="9:0" dst="S" desc="MB, signed value ,-2 less than MB less than 2" default="0" value="0" cmd="common:2,0xff900000"/>
<Control ui_type="reg" name="MC:debug" range="-1024~1023" addr="0x1d43" mask="25:16" dst="S" desc="MC, signed value, -2 less than MC less than 2" default="0" value="0" cmd="common:2,0xff900000"/>
<Control ui_type="reg" name="MD:debug" range="-1024~1023" addr="0x1d43" mask="9:0" dst="S" desc="MD, signed value ,-2 less than MD less than 2" default="256" value="0" cmd="common:2,0xff900000"/>
</Page>
</Group>
<Group num="1" val="127">
<Page tab_title="sat_hue" layout="3x3">
<Control ui_type="reg" name="sat" range="-128~128" addr="" mask="31:0" dst="S" desc="" default="0" value="0" cmd=""/>
<Control ui_type="reg" name="hue" range="-25~25" addr="" mask="31:0" dst="S" desc="" default="0" value="0" cmd=""/>
<Control ui_type="reg" name="MA:debug" range="-1024~1023" addr="0x1d42" mask="25:16" dst="S" desc="MA, signed value, -2 less than MA less than 2" default="256" value="256" cmd="common:2,0xff900000"/>
<Control ui_type="reg" name="MB:debug" range="-1024~1023" addr="0x1d42" mask="9:0" dst="S" desc="MB, signed value ,-2 less than MB less than 2" default="0" value="0" cmd="common:2,0xff900000"/>
<Control ui_type="reg" name="MC:debug" range="-1024~1023" addr="0x1d43" mask="25:16" dst="S" desc="MC, signed value, -2 less than MC less than 2" default="0" value="0" cmd="common:2,0xff900000"/>
<Control ui_type="reg" name="MD:debug" range="-1024~1023" addr="0x1d43" mask="9:0" dst="S" desc="MD, signed value ,-2 less than MD less than 2" default="256" value="256" cmd="common:2,0xff900000"/>
</Page>
</Group>
<Group num="2" val="255">
<Page tab_title="sat_hue" layout="3x3">
<Control ui_type="reg" name="sat" range="-128~128" addr="" mask="31:0" dst="S" desc="" default="0" value="127" cmd=""/>
<Control ui_type="reg" name="hue" range="-25~25" addr="" mask="31:0" dst="S" desc="" default="0" value="25" cmd=""/>
<Control ui_type="reg" name="MA:debug" range="-1024~1023" addr="0x1d42" mask="25:16" dst="S" desc="MA, signed value, -2 less than MA less than 2" default="256" value="416" cmd="common:2,0xff900000"/>
<Control ui_type="reg" name="MB:debug" range="-1024~1023" addr="0x1d42" mask="9:0" dst="S" desc="MB, signed value ,-2 less than MB less than 2" default="0" value="293" cmd="common:2,0xff900000"/>
<Control ui_type="reg" name="MC:debug" range="-1024~1023" addr="0x1d43" mask="25:16" dst="S" desc="MC, signed value, -2 less than MC less than 2" default="0" value="-293" cmd="common:2,0xff900000"/>
<Control ui_type="reg" name="MD:debug" range="-1024~1023" addr="0x1d43" mask="9:0" dst="S" desc="MD, signed value ,-2 less than MD less than 2" default="256" value="416" cmd="common:2,0xff900000"/>
</Page>
</Group>
</Form>

