<?xml version="1.0" encoding="UTF-8"?>
<Form name="CVD2NEW_Settings_AV_NTSC_M" platform="txlx" commands="">
<Group num="0" val="0">
<Page tab_title="CVD2NEW_Settings_AV_NTSC_M" layout="8x4">
<Control ui_type="checkbox" name="CVD2_CONTROL1_CV_INV"  sig="1537" range="0~1" addr="0x1" mask="7:7" dst="U" desc="CVD2_CONTROL1_CV_INV" default="0" value="0" cmd="common:2,0xff654000"/>
<Control ui_type="checkbox" name="CVD2_CONTROL1_CV_SRC"  sig="1537" range="0~1" addr="0x1" mask="6:6" dst="U" desc="CVD2_CONTROL1_CV_SRC" default="0" value="0" cmd="common:2,0xff654000"/>
<Control ui_type="slider" name="CVD2_CONTROL1_LUMA_NOTCH_BW"  sig="1537" range="0~3" addr="0x1" mask="5:4" dst="U" desc="CVD2_CONTROL1_LUMA_NOTCH_BW" default="0" value="0" cmd="common:2,0xff654000"/>
<Control ui_type="slider" name="CVD2_CONTROL1_CHROMA_BW_LO"  sig="1537" range="0~3" addr="0x1" mask="3:2" dst="U" desc="CVD2_CONTROL1_CHROMA_BW_LO" default="1" value="1" cmd="common:2,0xff654000"/>
<Control ui_type="checkbox" name="CVD2_CONTROL1_CHROMA_BURST5OR10"  sig="1537" range="0~1" addr="0x1" mask="1:1" dst="U" desc="CVD2_CONTROL1_CHROMA_BURST5OR10" default="0" value="0" cmd="common:2,0xff654000"/>
<Control ui_type="checkbox" name="CVD2_CONTROL1_PED"  sig="1537" range="0~1" addr="0x1" mask="0:0" dst="U" desc="CVD2_CONTROL1_PED" default="0" value="0" cmd="common:2,0xff654000"/>
<Control ui_type="slider" name="CVD_YC_DLY"  sig="1537" range="0~15" addr="0x7" mask="3:0" dst="U" desc="CVD_YC_DLY" default="0" value="14" cmd="common:2,0xff654000"/>
<Control ui_type="slider" name="CVD_CONTRAST"  sig="1537" range="0~255" addr="0x8" mask="7:0" dst="U" desc="CVD_CONTRAST" default="0" value="124" cmd="common:2,0xff654000"/>
<Control ui_type="slider" name="CVD_BRIGHTNESS"  sig="1537" range="0~255" addr="0x9" mask="7:0" dst="U" desc="CVD_BRIGHTNESS" default="0" value="28" cmd="common:2,0xff654000"/>
<Control ui_type="slider" name="CVD_SATURATION"  sig="1537" range="0~255" addr="0xa" mask="7:0" dst="U" desc="CVD_SATURATION" default="0" value="120" cmd="common:2,0xff654000"/>
<Control ui_type="slider" name="CVD_HUE"  sig="1537" range="0~255" addr="0xb" mask="7:0" dst="U" desc="CVD_HUE" default="0" value="0" cmd="common:2,0xff654000"/>
<Control ui_type="slider" name="CVD_CONTRAST_AML"  sig="1537" range="0~511" addr="0x157" mask="8:0" dst="U" desc="CVD_CONTRAST_AML" default="0" value="30" cmd="common:2,0xff654000"/>
<Control ui_type="slider" name="CVD_BRIGHTNESS_AML"  sig="1537" range="0~1023" addr="0x157" mask="25:16" dst="U" desc="CVD_BRIGHTNESS_AML" default="0" value="120" cmd="common:2,0xff654000"/>
<Control ui_type="slider" name="ACD_REG_53"  sig="1537" range="0~65535" addr="0x153" mask="15:0" dst="U" desc="ACD_REG_53" default="0" value="8304" cmd="common:2,0xff654000"/>
<Control ui_type="slider" name="ACD_REG_53_2"  sig="1537" range="0~65535" addr="0x153" mask="31:16" dst="U" desc="ACD_REG_53_2" default="0" value="20560" cmd="common:2,0xff654000"/>
<Control ui_type="slider" name="ACD_REG_54"  sig="1537" range="0~65535" addr="0x154" mask="15:0" dst="U" desc="ACD_REG_54" default="0" value="4128" cmd="common:2,0xff654000"/>
<Control ui_type="slider" name="ACD_REG_54_2"  sig="1537" range="0~65535" addr="0x154" mask="31:16" dst="U" desc="ACD_REG_54_2" default="0" value="64" cmd="common:2,0xff654000"/>
<Control ui_type="slider" name="ACD_REG_55"  sig="1537" range="0~65535" addr="0x155" mask="15:0" dst="U" desc="ACD_REG_55" default="0" value="7180" cmd="common:2,0xff654000"/>
<Control ui_type="slider" name="ACD_REG_55_2"  sig="1537" range="0~65535" addr="0x155" mask="31:16" dst="U" desc="ACD_REG_55_2" default="0" value="55680" cmd="common:2,0xff654000"/>
<Control ui_type="slider" name="ACD_REG_56"  sig="1537" range="0~15" addr="0x156" mask="23:20" dst="U" desc="ACD_REG_56" default="0" value="1" cmd="common:2,0xff654000"/>
<Control ui_type="slider" name="ACD_REG_58"  sig="1537" range="0~65535" addr="0x158" mask="15:0" dst="U" desc="ACD_REG_58" default="0" value="4369" cmd="common:2,0xff654000"/>
<Control ui_type="slider" name="ACD_REG_58_2"  sig="1537" range="0~65535" addr="0x158" mask="31:16" dst="U" desc="ACD_REG_58_2" default="0" value="33265" cmd="common:2,0xff654000"/>
<Control ui_type="slider" name="ACD_REG_30B5"  sig="1537" range="0~65535" addr="0xb5" mask="15:0" dst="U" desc="ACD_REG_30B5" default="0" value="162" cmd="common:2,0xff654000"/>
<Control ui_type="slider" name="ACD_REG_30B5_2"  sig="1537" range="0~65535" addr="0xb5" mask="31:16" dst="U" desc="ACD_REG_30B5_2" default="0" value="0" cmd="common:2,0xff654000"/>
<Control ui_type="slider" name="ACD_REG25_LPF3"  sig="1537" range="0~255" addr="0x125" mask="7:0" dst="U" desc="ACD_REG25_LPF3" default="142" value="142" cmd="common:2,0xff654000"/>
<Control ui_type="slider" name="ACD_REG25_LPF2"  sig="1537" range="0~255" addr="0x125" mask="15:8" dst="U" desc="ACD_REG25_LPF2" default="78" value="78" cmd="common:2,0xff654000"/>
<Control ui_type="slider" name="ACD_REG25_LPF1"  sig="1537" range="0~255" addr="0x125" mask="23:16" dst="U" desc="ACD_REG25_LPF1" default="251" value="251" cmd="common:2,0xff654000"/>
<Control ui_type="slider" name="ACD_REG25_LPF0"  sig="1537" range="0~255" addr="0x125" mask="31:24" dst="U" desc="ACD_REG25_LPF0" default="234" value="234" cmd="common:2,0xff654000"/>
</Page>
</Group>
</Form>

